ShopID,ShopNo,ShopName,ShopCity,ShopAddress,ShopRating
SH00001,1,Einti,Krosno Odrzańskie,9397 Del Sol Junction,4.22
SH00002,2,Myworks,Llauta,6 Dennis Parkway,4.82
SH00003,3,Eimbee,Itigi,52 Artisan Way,4.72
SH00004,4,Browsecat,Tsibulev,8 Cherokee Place,3.32
SH00005,5,Gabtune,Farroupilha,74146 Kennedy Lane,3.12
SH00006,6,Browsecat,Amaigbo,44919 Norway Maple Parkway,4.02
SH00007,7,Quimm,Fukushima-shi,4025 Rowland Point,4.02
SH00008,8,Zoonder,Rodhítsa,23 Randy Crossing,3.52
SH00009,9,Youfeed,Kovdor,9 Waubesa Park,4.62
SH00010,10,Mynte,Candelaria,0219 Schlimgen Drive,4.82
SH00011,11,Skipstorm,Kalangsari,129 Pleasure Circle,3.22
SH00012,12,Mydeo,Viseu,119 Ohio Trail,4.32
SH00013,13,Dynabox,Xiahan,6015 Portage Plaza,3.72
SH00014,14,Livepath,Shuangqiaoping,928 Redwing Parkway,4.62
SH00015,15,Blogpad,Lāchi,1 Carberry Crossing,3.12
SH00016,16,Trudeo,Mýto,784 Maryland Pass,4.72
SH00017,17,Mynte,Krajan,3216 West Crossing,3.52
SH00018,18,Meevee,Nîmes,75 Russell Trail,3.02
SH00019,19,Meetz,Springbok,28 Macpherson Trail,4.72
SH00020,20,Dabshots,Kuanda,61542 Corben Drive,3.92
SH00021,21,Dynava,Bluri,380 Pine View Hill,4.02
SH00022,22,Twinte,Mayisad,420 Luster Point,3.02
SH00023,23,Dynava,Terangun,5 Northwestern Court,3.72
SH00024,24,Tambee,Naro-Fominsk,95 Banding Parkway,3.12
SH00025,25,Skyble,Bourges,3363 Farwell Court,3.72
SH00026,26,Quaxo,Shiye,4706 Warbler Circle,3.92
SH00027,27,Lajo,Borås,682 Merry Way,4.52
SH00028,28,Edgeclub,Har Nur,7255 Mendota Alley,3.22
SH00029,29,Skynoodle,Xigaoshan,671 Carey Place,4.22
SH00030,30,Oyoba,Jabłoń,83 Mcguire Street,3.22
SH00031,31,Realbridge,Angoulême,4 Elka Way,4.82
SH00032,32,Trudoo,Tasikona,85 Dovetail Junction,3.32
SH00033,33,Livefish,Maguyam,732 Cambridge Park,3.62
SH00034,34,Shufflebeat,Sanjō,28 Warner Place,3.22
SH00035,35,Yakitri,Oslo,25385 Fremont Hill,3.32
SH00036,36,Flipstorm,Fukuoka-shi,6954 Ramsey Plaza,4.82
SH00037,37,Dablist,Santa María del Real,9 Atwood Plaza,3.42
SH00038,38,Flashspan,Thomazeau,45385 Delladonna Street,4.22
SH00039,39,Roombo,Tangjin,2 Sheridan Street,3.72
SH00040,40,Kwinu,Bayan Hure,4 Londonderry Crossing,4.62
SH00041,41,Dynazzy,Saint Petersburg,5830 Jana Road,3.42
SH00042,42,Realbuzz,Linggamanik,1 Pawling Park,4.12
SH00043,43,Skibox,Gaojiazhuang,7352 Lighthouse Bay Circle,3.72
SH00044,44,Babblestorm,Baoshan,18964 Fuller Avenue,3.72
SH00045,45,Pixope,Serdobsk,0691 Pankratz Plaza,4.42
SH00046,46,Eire,Neuquén,4 Menomonie Parkway,4.52
SH00047,47,Aivee,Vaiamonte,92 Homewood Point,4.42
SH00048,48,Kwinu,Al Manşūrah,24725 Porter Point,3.82
SH00049,49,Skynoodle,Whistler,746 Dapin Road,3.02
SH00050,50,Quimm,Júlio de Castilhos,7 2nd Center,4.42
SH00051,51,Oyondu,Baoxia,98 Lotheville Park,4.42
SH00052,52,Skaboo,Luhe,07638 Blackbird Street,4.62
SH00053,53,Mita,Tanlad,2 Oakridge Parkway,4.42
SH00054,54,Rhynoodle,Chãos,8 Eliot Hill,4.32
SH00055,55,Edgeblab,Abonnema,311 Daystar Street,3.72
SH00056,56,Cogidoo,Kungur,636 Mitchell Trail,4.22
SH00057,57,Innojam,Nuoxizhi,454 Stone Corner Court,4.32
SH00058,58,Meevee,Laoshawan,8 Clyde Gallagher Point,3.82
SH00059,59,Zoozzy,Enrile,648 Darwin Way,4.92
SH00060,60,Twitternation,Motygino,48 Dunning Terrace,3.02
SH00061,61,Tazz,Lautoka,975 Darwin Lane,4.12
SH00062,62,Reallinks,Bayt Sīrā,38 Meadow Valley Pass,3.32
SH00063,63,Chatterbridge,Zheleznodorozhnyy,709 Lillian Pass,3.62
SH00064,64,Browseblab,Aix-en-Provence,0387 Oxford Terrace,3.92
SH00065,65,Trunyx,Roma,7717 Sachs Court,3.82
SH00066,66,Einti,Darunban,26 Green Center,3.22
SH00067,67,Oyope,Kuźnia Raciborska,5 Sunbrook Pass,4.82
SH00068,68,Dazzlesphere,Xiaocun,0358 Duke Drive,4.92
SH00069,69,Agivu,Kedrovoye,4844 North Center,4.92
SH00070,70,Avavee,Valdemarsvik,86 Westridge Terrace,3.32
SH00071,71,Voomm,Hongtu,9 Brown Plaza,4.32
SH00072,72,Feedfish,San Antonio,85662 Bonner Parkway,3.62
SH00073,73,Fanoodle,Guyam Malaki,6 Debs Lane,4.62
SH00074,74,Gevee,Santarém,2 Oak Avenue,3.52
SH00075,75,Bluejam,Zahlé,897 Canary Terrace,4.62
SH00076,76,Twitterbridge,Taifu,09476 Warbler Park,3.52
SH00077,77,Wordify,Damanhūr,279 Maywood Lane,3.22
SH00078,78,Kazio,Xiaoguan,3 Lakewood Way,3.62
SH00079,79,Flipstorm,Bairro dos Marinheiros,43 Mariners Cove Lane,4.42
SH00080,80,Abata,Sanjiao,00 Thompson Street,4.22
SH00081,81,Fanoodle,Wilczyce,7099 Village Parkway,4.72
SH00082,82,Zooveo,Changfeng,9070 Blackbird Road,3.92
SH00083,83,Avamba,Kajaani,2 Talisman Hill,4.82
SH00084,84,Wikizz,Xinquansi,3417 Hagan Trail,4.02
SH00085,85,Rhyloo,Hengli,91 Duke Parkway,3.32
SH00086,86,Centizu,Suure-Jaani,8471 Larry Lane,3.62
SH00087,87,Twinder,Numazu,28371 Kennedy Circle,4.42
SH00088,88,Skinder,Taiyuan,489 Bunker Hill Alley,3.92
SH00089,89,Wordtune,Tete,79707 Eggendart Street,4.82
SH00090,90,Tagopia,Carlos Tejedor,24 Huxley Plaza,4.62
SH00091,91,Kazu,Lagawe,28 Dorton Way,4.52
SH00092,92,Muxo,Sośnie,17770 Garrison Street,4.32
SH00093,93,Miboo,Qobustan,5145 Manley Point,3.12
SH00094,94,Babbleblab,Comillas Norte,67 Bonner Junction,3.52
SH00095,95,Jabbertype,Renshan,175 Mcguire Street,3.62
SH00096,96,Realpoint,Domalanoan,5 Raven Hill,3.12
SH00097,97,Eidel,Ciomas,0902 Harper Circle,4.52
SH00098,98,Realbuzz,Örnsköldsvik,14 Hanson Parkway,3.32
SH00099,99,Flipstorm,Palmasola,9879 1st Street,4.82
SH00100,100,Rhynyx,Mirebalais,0352 Maryland Road,3.92
SH00101,101,Kwilith,Kanlagay,52 Schiller Terrace,4.22
SH00102,102,Chatterpoint,Yanas,0311 Helena Hill,4.72
SH00103,103,Meeveo,Gálvez,738 Cordelia Street,4.22
SH00104,104,Innotype,Huazhou,9182 Jackson Pass,4.62
SH00105,105,Trunyx,Cagayan,201 Canary Circle,3.22
SH00106,106,Layo,Moscow,868 Dawn Drive,4.72
SH00107,107,Skaboo,Khust,51 Shelley Avenue,3.12
SH00108,108,Thoughtblab,Monte Patria,2118 Helena Lane,3.62
SH00109,109,Snaptags,Al Misrākh,225 Merrick Park,3.42
SH00110,110,Livetube,Ostrów Lubelski,8392 Stuart Crossing,3.22
SH00111,111,Fiveclub,Bobadela,52 Buhler Circle,3.72
SH00112,112,Gabspot,Klobuky,74 Graedel Plaza,3.52
SH00113,113,Chatterpoint,Erling,27 Corben Center,4.32
SH00114,114,Thoughtblab,Odivelas,45 Sycamore Park,4.12
SH00115,115,Ntag,Vạn Giã,9 Anniversary Parkway,3.22
SH00116,116,Flashpoint,Chardonnière,952 Pearson Way,4.92
SH00117,117,Voonix,Pamedilan,1 Northfield Trail,3.02
SH00118,118,Buzzster,Armopa,51276 Oneill Park,3.82
SH00119,119,Voonte,Orlando,587 Dahle Point,3.92
SH00120,120,Topiczoom,Dayr Dibwān,9623 Artisan Way,3.12
SH00121,121,Vinder,Liuxiang,14 Hintze Lane,3.32
SH00122,122,Bubblemix,Dankama,5328 Ohio Court,4.72
SH00123,123,Reallinks,Rennes,63 Judy Hill,4.12
SH00124,124,Abatz,Yixingfu,624 Summit Road,3.02
SH00125,125,Fivechat,Severomorsk,3 Bay Center,3.32
SH00126,126,Zava,Caratinga,303 Bowman Plaza,3.82
SH00127,127,Chatterpoint,Novi Itebej,127 Coleman Terrace,4.92
SH00128,128,Shufflester,Bunut,8 Tony Park,4.02
SH00129,129,Kwimbee,Curahklapa,774 Havey Alley,4.42
SH00130,130,Jazzy,Tongjing,46 Canary Crossing,4.92
SH00131,131,Realpoint,Waepana,4298 Declaration Avenue,4.02
SH00132,132,Wordtune,Mikstat,74962 Sunbrook Street,3.22
SH00133,133,Livetube,Shanmu,31135 Monument Trail,4.22
SH00134,134,Tagpad,Yotsukaidō,0 Acker Center,4.72
SH00135,135,Jayo,Divjakë,88471 Westend Alley,4.22
SH00136,136,Zoozzy,Sidi Smaïl,968 Roxbury Court,4.12
SH00137,137,Twitterbeat,Nanshao,49190 Di Loreto Lane,3.32
SH00138,138,Flashdog,Rakhmanovo,671 Towne Crossing,4.72
SH00139,139,Quimba,Fangzheng,0483 Lukken Circle,4.52
SH00140,140,Wikizz,Jatisari,430 Novick Center,4.62
SH00141,141,Flashspan,Knoxville,0 Beilfuss Park,4.02
SH00142,142,Brightbean,Pepe,07965 Stuart Parkway,4.02
SH00143,143,Ozu,Huanghuai,77 Dottie Lane,4.82
SH00144,144,Quamba,Vahdat,25 Fair Oaks Street,3.42
SH00145,145,Realfire,Ashchysay,8 Ridgeview Junction,4.22
SH00146,146,Skajo,Shigu,045 Thompson Crossing,3.52
SH00147,147,Avamm,Ke’erlun,65221 Knutson Crossing,3.82
SH00148,148,Skilith,Songmuping,4 Park Meadow Avenue,3.12
SH00149,149,Yombu,Kirgili,076 Mesta Pass,3.22
SH00150,150,Kwilith,Fenhe,701 Green Street,4.52
SH00151,151,Skimia,Zhonglong,40 Norway Maple Center,3.42
SH00152,152,Zoomzone,Yanling,9 Anthes Parkway,4.82
SH00153,153,Kaymbo,Catabola,5683 Waubesa Way,3.62
SH00154,154,Bubbletube,Ignalina,16677 8th Hill,4.02
SH00155,155,Lajo,Fentange,50 Columbus Way,3.02
SH00156,156,Realbridge,København,92063 Del Mar Point,3.02
SH00157,157,Trupe,Haridimun,78088 Florence Junction,3.32
SH00158,158,Demivee,Xiaohekou,2496 Toban Drive,4.82
SH00159,159,Shuffletag,Muraloka,16298 Fisk Place,3.02
SH00160,160,Photolist,Laau,46 Troy Park,4.92
SH00161,161,Tekfly,Sępopol,81706 Shelley Point,3.52
SH00162,162,Twinte,Täby,3593 Nelson Trail,3.12
SH00163,163,Tanoodle,Uppsala,72 Butternut Hill,3.42
SH00164,164,Yodoo,Jianguang,552 Anniversary Pass,3.92
SH00165,165,Eamia,Sundumbili,02630 Tennessee Plaza,4.32
SH00166,166,Twitterbridge,Al Jaghbūb,754 Golf Course Place,3.62
SH00167,167,Jabbersphere,Verdizela,83 Rowland Drive,4.22
SH00168,168,Meemm,Burgos,618 Vermont Road,4.42
SH00169,169,Rhybox,Carson City,49353 Waubesa Plaza,4.12
SH00170,170,Jabberstorm,Rawa Satu,4 Surrey Avenue,4.22
SH00171,171,Ozu,Kasungu,5 Darwin Alley,3.82
SH00172,172,Tagpad,Nangkasari,0 Caliangt Hill,3.92
SH00173,173,Bluejam,Kopang Satu,36 Kensington Trail,3.02
SH00174,174,Ntag,Brikama,4 Gale Drive,4.32
SH00175,175,Dynava,Yuanguping,884 Center Circle,3.42
SH00176,176,Demizz,Horta,95813 Algoma Circle,4.02
SH00177,177,Zoomdog,Rudnogorsk,10 Duke Lane,4.12
SH00178,178,Lazzy,Menzel Jemil,962 Shelley Circle,3.52
SH00179,179,Flashset,Revda,965 Forster Pass,4.62
SH00180,180,Abata,Kuressaare,7830 Heffernan Terrace,4.92
SH00181,181,Yacero,Baltimore,98 Dexter Parkway,4.92
SH00182,182,Jaxbean,Samho-rodongjagu,3 Oak Valley Terrace,4.62
SH00183,183,Katz,Boñgalon,473 Anniversary Drive,4.32
SH00184,184,Buzzster,Janeng,049 Ludington Junction,3.82
SH00185,185,Layo,Kranjska Gora,66 Mesta Trail,4.02
SH00186,186,Flashspan,San Lorenzo,14 Veith Way,4.12
SH00187,187,Zoomzone,Qianhong,0 Basil Way,3.62
SH00188,188,Livefish,Cikalang,32431 Cody Pass,4.82
SH00189,189,Wordify,Postmasburg,18528 Clove Alley,4.72
SH00190,190,Dynabox,‘Aşīrah al Qiblīyah,22 Independence Park,4.52
SH00191,191,Skajo,Guará,59 Sullivan Avenue,3.22
SH00192,192,Dablist,Xinxing,682 Service Crossing,3.12
SH00193,193,Dynazzy,Diamantina,59 Holy Cross Terrace,3.32
SH00194,194,Gigaclub,Stará Paka,4 Pleasure Place,4.12
SH00195,195,Thoughtblab,Ilām,976 Melby Park,3.42
SH00196,196,Topiczoom,Gwoźnica Górna,32596 Fuller Road,3.92
SH00197,197,Realfire,Pulong Sampalok,02 Towne Pass,4.92
SH00198,198,Thoughtbridge,Paracuru,5 Calypso Park,3.02
SH00199,199,Jabbertype,Västerås,115 Killdeer Lane,3.22
SH00200,200,Zoozzy,Staryy Urukh,94 Vernon Plaza,4.02
SH00201,201,Devpulse,Zákupy,97732 Mayfield Circle,4.22
SH00202,202,Jabbersphere,Białaczów,871 Prairieview Avenue,4.02
SH00203,203,Ailane,Biała,0 Anniversary Point,4.12
SH00204,204,Ntag,Qila Abdullāh,971 Talisman Lane,3.02
SH00205,205,Tagcat,Digne-les-Bains,380 Arapahoe Drive,3.92
SH00206,206,Voonte,Katagum,34 Anzinger Junction,3.92
SH00207,207,Miboo,Rochester,1 Northport Place,4.22
SH00208,208,Feedfish,Kuching,9776 7th Road,4.92
SH00209,209,Twitterlist,Obo,877 Mariners Cove Court,4.62
SH00210,210,Skyvu,Ogawa,84352 Fairview Court,3.32
SH00211,211,Dynazzy,San Pedro Jocopilas,85 Roxbury Street,3.62
SH00212,212,Twitterbridge,Guachucal,792 Sunfield Terrace,3.92
SH00213,213,Talane,Norak,7 Golden Leaf Alley,4.62
SH00214,214,Skimia,Khromtau,206 Texas Road,4.62
SH00215,215,Youspan,Yacheng,9077 Orin Way,4.72
SH00216,216,Kamba,Fenhe,1 Gerald Way,3.22
SH00217,217,Jayo,Dardhas,5 Mallory Plaza,3.62
SH00218,218,Youopia,Hương Sơn,483 Westerfield Parkway,3.22
SH00219,219,JumpXS,Kansas City,54382 Troy Road,3.92
SH00220,220,Jetpulse,Jinli,3276 Bartillon Avenue,4.12
SH00221,221,Skipfire,Oele,8104 Continental Avenue,3.52
SH00222,222,Brainsphere,Yingyang,9 Maryland Center,4.72
SH00223,223,Plajo,Kombolcha,3 Elmside Street,4.12
SH00224,224,Skalith,Wadi,52 Cody Parkway,3.92
SH00225,225,Bubblemix,Mentaras,389 Stang Terrace,3.62
SH00226,226,Eabox,San Isidro,972 Roxbury Plaza,4.02
SH00227,227,Skimia,Quintã,64 Utah Avenue,3.82
SH00228,228,Thoughtsphere,Lijiang,928 Little Fleur Hill,3.52
SH00229,229,Twinte,Minchinābād,6994 Dwight Center,3.52
SH00230,230,Realblab,El Hatillo,92526 Eastlawn Junction,4.52
SH00231,231,Yabox,Dashuipo,5279 Clemons Drive,3.22
SH00232,232,Fivebridge,Nyima,4 Tennyson Road,3.42
SH00233,233,Yodel,Wangping,55 Meadow Valley Plaza,4.62
SH00234,234,Meezzy,Malpique,62801 Petterle Circle,4.82
SH00235,235,Twitterlist,Jadów,94762 Dawn Alley,3.32
SH00236,236,Rhycero,Laurel,99942 Nova Hill,3.72
SH00237,237,Browsedrive,Plei Kần,448 Lotheville Drive,3.42
SH00238,238,Yakidoo,Kashihara,591 Schmedeman Road,4.52
SH00239,239,BlogXS,Concepción del Bermejo,9518 Crowley Crossing,4.02
SH00240,240,Bluejam,Shāzand,20 Jackson Street,3.22
SH00241,241,Photofeed,Áyios Nikólaos,79104 Superior Terrace,4.82
SH00242,242,Meevee,Pinhal General,3439 Towne Crossing,3.02
SH00243,243,Tagchat,Kardítsa,50 Glacier Hill Parkway,4.52
SH00244,244,Blognation,Baitu,2 Mcguire Crossing,4.32
SH00245,245,Bubblebox,Shuangjie,452 Tennessee Drive,4.02
SH00246,246,Edgeify,Puyang,2 Mcbride Parkway,4.82
SH00247,247,Aibox,North Saanich,9 Forster Circle,4.32
SH00248,248,DabZ,Jiagao,01019 Meadow Vale Alley,4.22
SH00249,249,Minyx,Japerejo,4948 Hoard Park,4.62
SH00250,250,Youbridge,Kokkinóchoma,2667 Crownhardt Terrace,3.82
SH00251,251,Edgetag,Dalumangcob,01465 Lunder Avenue,3.62
SH00252,252,Minyx,Manzini,967 Lotheville Way,3.82
SH00253,253,Bubbletube,Três Passos,44537 Shasta Junction,4.62
SH00254,254,Jabbercube,Kovylkino,12383 Leroy Street,3.82
SH00255,255,Tazzy,Sosnovyy Bor,72158 Crowley Point,3.62
SH00256,256,Skalith,Subulussalam,06 Farragut Lane,3.72
SH00257,257,Lajo,El Sauce,5016 Scoville Place,4.12
SH00258,258,Devbug,Tayang,679 Continental Crossing,3.92
SH00259,259,Realcube,Zhonghechang,89 Sunnyside Place,3.22
SH00260,260,Jaxnation,Lukovica pri Domžalah,92350 Veith Crossing,3.82
SH00261,261,Skinte,Dolice,5 8th Parkway,3.62
SH00262,262,Innotype,Siepraw,7 Mendota Crossing,4.02
SH00263,263,Edgeblab,Tirat Karmel,409 Nelson Hill,4.32
SH00264,264,Dabtype,Beyla,6 Hauk Lane,4.02
SH00265,265,Twinder,Emiliano Zapata,31469 Talmadge Hill,3.12
SH00266,266,Ailane,Concepcion,67 Jenna Terrace,3.52
SH00267,267,Cogidoo,Iwo,643 Talmadge Street,4.02
SH00268,268,Centizu,Lila,98273 Crowley Center,4.02
SH00269,269,Ntags,Guangshun,0538 Bartelt Parkway,4.32
SH00270,270,Flashspan,Arcena Pequena,198 Schiller Terrace,4.62
SH00271,271,Feedfish,Xucheng,297 Arapahoe Trail,4.42
SH00272,272,Plajo,Cernache do Bonjardim,22025 Fair Oaks Circle,3.72
SH00273,273,Meejo,Cerenti,271 Stang Point,3.62
SH00274,274,Npath,Tantu,5 Autumn Leaf Plaza,4.12
SH00275,275,Edgeblab,Kilkenny,54888 Waywood Terrace,4.22
SH00276,276,Izio,Sarbīsheh,38946 Ludington Center,3.02
SH00277,277,Yacero,Maoya,80011 Hallows Court,3.82
SH00278,278,Twitterlist,Verbivka,2393 Homewood Hill,4.52
SH00279,279,Teklist,Paitan Este,57914 Maryland Terrace,4.22
SH00280,280,Blogtags,Mungo,5999 Carpenter Court,3.22
SH00281,281,Tazz,Yangba,139 Stoughton Hill,4.02
SH00282,282,Gabcube,Jatinagara,154 Shopko Avenue,4.72
SH00283,283,Skilith,San Vicente,8110 Dunning Trail,3.52
SH00284,284,Edgeclub,Maqbanah,294 Continental Plaza,4.02
SH00285,285,Fliptune,San Miguel,4 Northland Center,4.82
SH00286,286,Livepath,Manticao,183 Fairview Road,3.62
SH00287,287,Reallinks,Sholokhove,63 Morningstar Trail,4.62
SH00288,288,Kwinu,Auriflama,9 Mosinee Drive,3.42
SH00289,289,Rhyloo,Nanto-shi,99280 Nobel Road,3.02
SH00290,290,Voonder,Thatta,15679 Clemons Street,3.72
SH00291,291,Dynabox,Zubin Potok,6 Jana Center,3.22
SH00292,292,Teklist,Tiyuguan,96138 Brentwood Plaza,3.72
SH00293,293,Trilia,Sahavato,34739 Superior Street,3.32
SH00294,294,Nlounge,Cuntan,6 Gateway Park,4.92
SH00295,295,Photobean,Kato Pyrgos,1 Summit Junction,3.22
SH00296,296,Edgeclub,Shayuan,0912 Marquette Circle,4.82
SH00297,297,Shufflester,Yonghe,50 Packers Junction,4.92
SH00298,298,Jaloo,Sulak,495 Forest Dale Circle,4.12
SH00299,299,Izio,Okotoks,0627 Monument Way,3.42
SH00300,300,Tekfly,Dili,76 Mockingbird Street,4.12
SH00301,301,Mymm,Zhangshi,719 Loeprich Crossing,3.82
SH00302,302,Miboo,Pau,1 Northport Center,4.72
SH00303,303,Pixonyx,Xinle,923 Cottonwood Way,4.12
SH00304,304,Youfeed,Växjö,11781 Hooker Circle,4.22
SH00305,305,Photobug,Huaidao,49 Mariners Cove Alley,3.02
SH00306,306,Wordtune,Fier,6881 Blackbird Hill,3.92
SH00307,307,Shufflebeat,Novalja,05 Old Gate Alley,4.02
SH00308,308,InnoZ,Mananara,9727 East Junction,3.02
SH00309,309,Yodel,Huaqiao,7 Fremont Crossing,4.02
SH00310,310,Fivebridge,Diriomo,30 Straubel Trail,4.32
SH00311,311,Devify,Wingham,05227 Waxwing Center,4.52
SH00312,312,Tazz,Yangqiao,00308 Farragut Trail,3.12
SH00313,313,Devcast,Krajanjugosari,130 Sachtjen Place,3.42
SH00314,314,Quinu,St. Catharines,21806 Oxford Park,4.42
SH00315,315,Brainbox,Ngoc Hon Doc,11 Lillian Junction,3.22
SH00316,316,Trunyx,Courelas Bravas,08000 American Plaza,3.72
SH00317,317,Photofeed,Dado,581 Vahlen Trail,3.62
SH00318,318,Meemm,Ash Shuqayrah,98 Haas Terrace,4.02
SH00319,319,Skilith,Glugur Krajan,233 Lighthouse Bay Lane,3.42
SH00320,320,Yodo,Fornelos,55 Dixon Road,3.12
SH00321,321,Rhynyx,Baocun,2647 Hanson Terrace,4.22
SH00322,322,Devshare,Oslo,312 Tennyson Way,4.02
SH00323,323,Zoonder,Cavaillon,8 Lotheville Road,4.62
SH00324,324,Nlounge,Verkhnya Rozhanka,47 Loomis Parkway,4.22
SH00325,325,Pixoboo,Taveiro,046 Colorado Circle,3.22
SH00326,326,Myworks,Calheta,47 Fulton Road,3.82
SH00327,327,Aimbu,Marigot,0172 Hauk Alley,4.72
SH00328,328,Topicstorm,Maki,16 Village Point,3.12
SH00329,329,Fliptune,Fushi,3 Lakeland Trail,4.32
SH00330,330,Rooxo,La Foa,11 Dapin Drive,4.52
SH00331,331,Yata,Quwa,15677 Memorial Crossing,4.32
SH00332,332,Wikibox,Pokrovka,073 Dawn Parkway,3.72
SH00333,333,Zoozzy,Daxing,559 Ridgeview Hill,4.72
SH00334,334,Riffwire,Milotice,7268 Hauk Trail,4.02
SH00335,335,Fiveclub,Pjanići,46 Di Loreto Avenue,3.32
SH00336,336,Wikivu,Djambala,593 Ilene Road,3.92
SH00337,337,Aivee,Jongīyeh,9035 Bartillon Junction,3.02
SH00338,338,Tagopia,Jajce,260 Walton Place,3.82
SH00339,339,Jabberstorm,Toshkivka,67 Delaware Parkway,4.72
SH00340,340,Skalith,Ruda Śląska,99366 Birchwood Place,4.72
SH00341,341,Divavu,Fukuroi,0 Katie Point,4.52
SH00342,342,Livetube,Ljusdal,115 Randy Center,4.02
SH00343,343,Realfire,Vicente Guerrero,259 Mallory Junction,4.72
SH00344,344,Digitube,‘Anjarah,4 Melby Alley,4.72
SH00345,345,Cogidoo,Jishigang,03611 Bluestem Plaza,3.42
SH00346,346,Tagchat,Manokwari,602 Browning Hill,4.42
SH00347,347,Brainlounge,Kuantan,44455 Morning Circle,3.22
SH00348,348,Eare,Wojcieszków,01 Ryan Parkway,4.12
SH00349,349,Meemm,Qingquan,78952 Main Pass,4.52
SH00350,350,Viva,El Bagre,9470 Calypso Place,4.92
SH00351,351,Realcube,Sulūk,137 Milwaukee Street,4.12
SH00352,352,Gabtune,Lincuo,3251 Fisk Plaza,4.42
SH00353,353,Twitterworks,Nam Kliang,45092 Scoville Pass,4.32
SH00354,354,Divape,Předklášteří,418 Heath Point,3.32
SH00355,355,Yabox,Santa Cruz,94 Old Gate Hill,3.32
SH00356,356,Cogidoo,Popovi,033 Ilene Crossing,3.22
SH00357,357,Omba,Novomyshastovskaya,99 Di Loreto Park,3.22
SH00358,358,Cogidoo,Bombarral,3 Boyd Road,3.72
SH00359,359,Roombo,El Retiro,38 8th Junction,3.82
SH00360,360,Avamba,Adani,616 Continental Trail,4.22
SH00361,361,Centimia,Foso,945 Burrows Place,3.72
SH00362,362,Eimbee,Lukashin,9 East Point,3.02
SH00363,363,Voomm,Yishui,94 Little Fleur Circle,4.42
SH00364,364,Meeveo,Lutowiska,83960 Manley Plaza,3.32
SH00365,365,Fatz,Bent Jbaïl,2671 Corben Park,4.22
SH00366,366,Jazzy,Krasnokamensk,954 Eliot Trail,4.82
SH00367,367,Yotz,Midland,49917 Cherokee Hill,4.22
SH00368,368,Janyx,Leshukonskoye,14135 Center Court,3.52
SH00369,369,Blogtags,Samir,23 Monterey Road,3.92
SH00370,370,Voomm,Novovarshavka,4562 Anzinger Hill,4.52
SH00371,371,Centimia,Tugusirna,10339 Elmside Street,3.92
SH00372,372,Skiptube,Pasacao,8638 Jackson Center,4.62
SH00373,373,Kayveo,Turi,16 Glacier Hill Plaza,4.52
SH00374,374,Jetpulse,Rive-de-Gier,0041 Drewry Street,4.52
SH00375,375,Skippad,Sozopol,429 Dottie Hill,3.62
SH00376,376,Jabbersphere,Echeng,035 Bartelt Point,4.62
SH00377,377,InnoZ,San Mariano,9 Delladonna Circle,3.72
SH00378,378,Rhyloo,Nakonde,3 Namekagon Road,4.02
SH00379,379,Jatri,Cibitung,82 Mendota Avenue,4.12
SH00380,380,Fivebridge,Mesquite,79933 Mitchell Crossing,3.42
SH00381,381,Blogtag,Kedungtulup,3635 Westerfield Plaza,4.12
SH00382,382,Mita,Ban Chang,539 Ryan Avenue,3.32
SH00383,383,Linkbridge,Cikandang,0507 Scoville Circle,3.22
SH00384,384,Photobug,Orsay,99854 Goodland Pass,4.42
SH00385,385,InnoZ,Lattes,79 Scott Avenue,4.22
SH00386,386,Dynabox,Tianning,80 Dennis Center,4.72
SH00387,387,Dynazzy,Harembo,4 Fallview Drive,4.42
SH00388,388,Mymm,Tāfuna,21923 Nobel Way,3.52
SH00389,389,Babbleopia,Tučepi,300 Vidon Place,4.12
SH00390,390,Devbug,Malabago,89642 Farmco Lane,3.42
SH00391,391,Oyondu,Talhār,3 Randy Place,4.52
SH00392,392,Mita,Caotang,15741 Division Place,4.62
SH00393,393,Rhyzio,Jayaraga Kaler,51 Service Terrace,4.62
SH00394,394,Meembee,Marechal Deodoro,4651 Manitowish Road,3.02
SH00395,395,Quinu,Helmsange,3018 Shoshone Street,3.12
SH00396,396,Npath,Tshaneni,8910 Hayes Hill,3.42
SH00397,397,Mynte,Wielki Kack,5 Coleman Avenue,3.42
SH00398,398,Thoughtblab,Azacualpa,6054 Westerfield Park,4.72
SH00399,399,Babblestorm,Lusambo,380 Sheridan Avenue,4.02
SH00400,400,Innojam,Ganjiang,4 8th Pass,4.72
SH00401,401,Voonix,Eci,481 Clarendon Street,3.72
SH00402,402,Mydo,Qingping,746 Novick Parkway,4.32
SH00403,403,Katz,Kadukaung,50 Porter Parkway,4.42
SH00404,404,Myworks,Bereeda,6144 Talisman Parkway,4.92
SH00405,405,Roomm,Älmhult,2980 Morning Place,4.42
SH00406,406,Muxo,Dutsin Ma,533 Elmside Park,3.42
SH00407,407,Skinte,Xiayang,20 Sutherland Circle,3.32
SH00408,408,Youspan,Demba,47 Schmedeman Road,3.82
SH00409,409,Thoughtworks,Siaton,831 Westport Hill,4.92
SH00410,410,Fivebridge,Almeria,74 Independence Trail,4.12
SH00411,411,Myworks,Berehomet,9180 Longview Park,3.42
SH00412,412,Bluejam,Bolian,29 Melrose Parkway,4.02
SH00413,413,Yakitri,Jiutai,7 Memorial Junction,3.22
SH00414,414,Rhycero,Bang Bo,5283 Ronald Regan Place,3.82
SH00415,415,Pixonyx,Arlington,97853 Mcguire Lane,4.52
SH00416,416,Oba,Pélla,872 Oakridge Center,3.12
SH00417,417,Zooxo,Wuyang,0861 Continental Alley,4.32
SH00418,418,Dynabox,Vakhsh,9 Waywood Terrace,3.12
SH00419,419,Realmix,Río Guayabal de Yateras,35413 Vahlen Center,4.82
SH00420,420,Riffpath,Madang,250 Kennedy Lane,3.32
SH00421,421,Yabox,Reriz,18 Dakota Trail,4.22
SH00422,422,Oodoo,Qinggou,25 Coleman Hill,3.02
SH00423,423,Zava,Gorno-Altaysk,5 Sachs Way,4.12
SH00424,424,Realbuzz,Padang,289 Tennessee Plaza,3.52
SH00425,425,Meedoo,Kvartsitnyy,8090 Kingsford Pass,3.32
SH00426,426,Babblestorm,Banjar Kampungbugis,58 Farmco Street,3.52
SH00427,427,Zoomzone,Krasnodon,83 Hanson Way,3.92
SH00428,428,Livefish,Yessentuki,98493 Prairie Rose Trail,3.72
SH00429,429,Livetube,Ārt Khwājah,5825 Mccormick Point,4.02
SH00430,430,Browseblab,Zapala,20078 New Castle Crossing,4.52
SH00431,431,Omba,Honolulu,52 Caliangt Road,4.92
SH00432,432,Trudeo,Xianyuan,119 Raven Alley,4.62
SH00433,433,Yodo,Famaillá,8 5th Plaza,4.42
SH00434,434,Gigaclub,Wola Rębkowska,2629 Shelley Plaza,3.82
SH00435,435,Avamm,Santo Domingo de los Colorados,7535 Havey Hill,3.22
SH00436,436,Centimia,Kapotnya,25 Bunting Place,3.52
SH00437,437,Mydo,Anniston,8751 Burning Wood Street,3.82
SH00438,438,Innotype,Hermosa,7596 Atwood Hill,3.52
SH00439,439,Flashpoint,Shun’ga,264 Morning Junction,4.42
SH00440,440,Agivu,Alvito,24 Del Mar Pass,3.72
SH00441,441,Tagopia,Kiryū,1559 Carey Trail,3.62
SH00442,442,Skyba,Lingyuan,0564 Springview Avenue,4.82
SH00443,443,Browsezoom,Geshan,100 Ramsey Crossing,4.62
SH00444,444,Ntags,Rozvadov,069 Reindahl Parkway,3.82
SH00445,445,Avaveo,Köyliö,57 Sommers Plaza,4.92
SH00446,446,Topicshots,Baru Timur,956 Doe Crossing Crossing,3.02
SH00447,447,Wikizz,Iracemápolis,31 Armistice Point,4.92
SH00448,448,Blogpad,Kangar,39 Columbus Trail,4.22
SH00449,449,Wikivu,Vakhsh,364 Dottie Alley,4.62
SH00450,450,Skipstorm,Qiganjidie,14813 Grayhawk Pass,3.22
SH00451,451,Snaptags,Tres Arroyos,9 Mesta Point,4.32
SH00452,452,Voonder,Conceição das Alagoas,28450 Hooker Drive,3.82
SH00453,453,Photospace,San Antonio,61 Victoria Parkway,3.32
SH00454,454,Skyble,Shiozawa,7505 Surrey Point,3.32
SH00455,455,Topdrive,Kisovec,2537 Straubel Circle,4.02
SH00456,456,Yodel,Malie,30 Jana Circle,3.42
SH00457,457,Ntag,Baitashan,0045 Jenna Point,4.62
SH00458,458,Edgetag,Kuje,8 Nelson Way,4.72
SH00459,459,Yakijo,Cairima,609 Steensland Court,4.92
SH00460,460,Yamia,Ipojuca,518 Morning Lane,3.52
SH00461,461,Mudo,Fenshui,77 Aberg Junction,4.22
SH00462,462,Jetwire,Nanling,150 Monterey Plaza,3.12
SH00463,463,Yotz,Bābol,63 Goodland Way,3.22
SH00464,464,Quimba,Křižanov,275 Victoria Crossing,3.32
SH00465,465,Riffwire,Espérance Trébuchet,7781 Westport Parkway,4.22
SH00466,466,Tambee,Atlanta,0401 Namekagon Way,4.42
SH00467,467,Zooveo,Gulonggang,7 Hagan Trail,3.12
SH00468,468,Ooba,Lazaro Cardenas,64845 Briar Crest Pass,3.72
SH00469,469,Snaptags,La Reforma,0018 Carioca Road,4.72
SH00470,470,Geba,Niopanda,85 Dwight Drive,3.82
SH00471,471,Gabtype,Taltal,0 Beilfuss Alley,4.92
SH00472,472,Topiclounge,Hushan,35339 Jenna Avenue,3.82
SH00473,473,Meevee,Kuala Lumpur,97167 Farwell Alley,4.32
SH00474,474,Devpoint,Zdenci,93 Arkansas Parkway,4.62
SH00475,475,Jatri,Gul’cha,62900 Buell Center,3.22
SH00476,476,Quatz,Ivouani,092 Ilene Hill,4.22
SH00477,477,Gabtune,Khvalynsk,1 Farmco Way,3.02
SH00478,478,Ntags,Fargo,10 Bartillon Lane,4.62
SH00479,479,Blogtag,Koźmin Wielkopolski,8700 Clarendon Pass,4.72
SH00480,480,Vidoo,Skomlin,75563 Cody Road,4.72
SH00481,481,Mybuzz,Ujung,2047 Sunbrook Point,4.92
SH00482,482,Kamba,Kėdainiai,47 Golf View Trail,3.22
SH00483,483,Fivespan,Kafr Takhārīm,7208 Hintze Hill,3.42
SH00484,484,Jabberbean,Gesing,2244 Pond Park,3.62
SH00485,485,Livepath,Chervonopartyzans’k,00 Northfield Park,3.12
SH00486,486,Rhybox,Chaodi,4752 Eagan Center,3.52
SH00487,487,Voomm,Genova,8 Larry Road,3.02
SH00488,488,Edgepulse,Saint-Bruno-de-Montarville,78 Tennyson Point,4.62
SH00489,489,Kazu,Ḩarīb,74 Esker Street,3.92
SH00490,490,Zoovu,Jardin,2668 Rowland Court,4.02
SH00491,491,Ainyx,Teluk Pinang,9 Bowman Hill,3.02
SH00492,492,Eazzy,Libacao,244 Crescent Oaks Plaza,3.72
SH00493,493,Feedfish,La Paz,83 Spaight Parkway,4.92
SH00494,494,Yombu,Piltown,55235 Dayton Pass,4.32
SH00495,495,Jamia,Ar Ruţbah,93 Butternut Way,4.12
SH00496,496,Brainsphere,Pagangan,964 3rd Road,3.02
SH00497,497,Photobug,Messina,453 Pierstorff Parkway,3.02
SH00498,498,Meedoo,Strasbourg,331 Laurel Plaza,4.32
SH00499,499,Kwideo,Ash Shuhadā’,8 Kipling Drive,3.92
SH00500,500,Jaxspan,Wuying,8 Bay Junction,3.32
SH00501,501,Gabtype,Bohdalov,6157 Schmedeman Drive,3.22
SH00502,502,Skyvu,Banjar Pedawa,5481 Waywood Place,4.82
SH00503,503,Skivee,Independencia,348 Meadow Valley Parkway,3.72
SH00504,504,Demimbu,Anfusi,96721 Packers Avenue,4.32
SH00505,505,Quire,Juren,79494 Alpine Plaza,4.72
SH00506,506,Kwideo,Al Ghayl,5 Browning Plaza,4.62
SH00507,507,Trudeo,Dhahab,67245 Farmco Drive,4.22
SH00508,508,Mydo,Noailles,65116 Eggendart Lane,3.92
SH00509,509,Jayo,Bulgan,1648 Jana Junction,3.12
SH00510,510,Twinder,Abrantes,22983 Fair Oaks Pass,4.42
SH00511,511,Leexo,Panan,848 Paget Avenue,3.92
SH00512,512,Meezzy,Novotroitsk,3579 Birchwood Alley,3.72
SH00513,513,Katz,Melaka,1507 Shopko Avenue,3.72
SH00514,514,Zava,Lospalos,66661 Namekagon Court,4.02
SH00515,515,Browseblab,Xinglin,8 Algoma Pass,3.82
SH00516,516,Ainyx,Bujaków,757 Novick Court,4.42
SH00517,517,Brightdog,Lieyu,28760 Ridgeway Crossing,3.22
SH00518,518,Aimbu,Kaffrine,36415 Aberg Road,4.22
SH00519,519,Eadel,Longtou’an,2713 Hovde Lane,4.22
SH00520,520,Voolith,Sokol,56988 Lukken Court,4.82
SH00521,521,Mudo,Kota Kinabalu,2 Iowa Alley,3.62
SH00522,522,Thoughtsphere,Ranot,9 Golf Plaza,3.92
SH00523,523,Teklist,Iranduba,373 Meadow Ridge Avenue,4.42
SH00524,524,Agivu,Alvide,749 Westend Point,4.52
SH00525,525,Meejo,Florestópolis,2671 American Crossing,3.32
SH00526,526,Vinte,Wangshi,77636 Barnett Trail,3.22
SH00527,527,Photobug,Xiaogang,189 Di Loreto Crossing,3.72
SH00528,528,Topicstorm,Puerto Tejada,52 Talmadge Junction,4.62
SH00529,529,Eamia,Monastyrishche,6 Vermont Plaza,4.32
SH00530,530,Yamia,Bugarama,70033 Lerdahl Hill,4.12
SH00531,531,Flashpoint,Beidao,869 Steensland Place,4.52
SH00532,532,Midel,Guadalupe Victoria,888 East Point,4.42
SH00533,533,Shuffletag,Jabungsisir,1 Kenwood Road,4.02
SH00534,534,Leenti,Karangmelok,375 Longview Trail,4.62
SH00535,535,Fanoodle,Ózd,683 Scott Road,4.02
SH00536,536,Flashdog,Ziyang Chengguanzhen,57 Raven Hill,3.02
SH00537,537,Feedbug,Jenzan,9 Havey Court,3.32
SH00538,538,Meetz,Lindavista,3 Nova Crossing,3.72
SH00539,539,Skajo,Volokolamsk,249 Crownhardt Center,3.42
SH00540,540,Eimbee,Boliden,98 Gulseth Center,4.82
SH00541,541,Yakijo,Świeradów-Zdrój,76891 Almo Terrace,3.42
SH00542,542,Jaloo,Cherryville,2684 Schlimgen Road,3.62
SH00543,543,Zoomzone,Wādī Raḩḩāl,05270 Springview Road,4.22
SH00544,544,Mynte,Praia,610 Sunfield Alley,4.82
SH00545,545,Quire,Abucayan,52747 Ronald Regan Pass,4.02
SH00546,546,Thoughtworks,Pangnirtung,3 Schmedeman Lane,4.42
SH00547,547,Flashdog,La Clotilde,7 Forest Run Pass,3.32
SH00548,548,Gabtype,Jeremoabo,3871 Mifflin Way,4.92
SH00549,549,Tazz,Ad Dann,67 Service Place,3.82
SH00550,550,Topicshots,Qinnan,343 Summit Place,3.02
SH00551,551,Topdrive,Malinao,91020 Prentice Avenue,3.22
SH00552,552,Blogtag,Mbanza Congo,978 Jackson Terrace,3.12
SH00553,553,Eazzy,Caikouji,5053 Hooker Road,4.92
SH00554,554,Thoughtbridge,Banjar Sedang,2632 Swallow Trail,3.32
SH00555,555,Oozz,Kabankalan,5 Meadow Vale Junction,4.82
SH00556,556,Devshare,Bantarmangu,5128 Forest Drive,4.12
SH00557,557,JumpXS,Ransiki,44315 Brickson Park Court,4.12
SH00558,558,Realcube,Wa’eryi,0 Corscot Court,3.02
SH00559,559,Riffpath,Xilaiqiao,1640 Springview Street,4.22
SH00560,560,Bluejam,Hrib-Loški Potok,9447 Prairie Rose Pass,4.92
SH00561,561,Zoonoodle,Doruchów,44 Petterle Road,4.32
SH00562,562,Meetz,Santa Catalina Norte,37073 2nd Drive,4.02
SH00563,563,Rhynoodle,Yaogou,24792 Gale Park,4.62
SH00564,564,Skyvu,Faīẕābād,0549 Merrick Point,4.22
SH00565,565,Innotype,Rio Claro,86040 Mcguire Point,4.92
SH00566,566,Oozz,Dasheng,18642 Homewood Crossing,4.52
SH00567,567,Layo,Iława,306 Birchwood Terrace,3.62
SH00568,568,Rhynoodle,Alhambra,4727 Lunder Junction,3.12
SH00569,569,Viva,Majunying,4 Oakridge Avenue,3.92
SH00570,570,Yoveo,Tonkino,63480 Butternut Plaza,4.12
SH00571,571,Wikibox,Pimian,8987 Everett Way,3.42
SH00572,572,Twinte,Annecy-le-Vieux,4 David Junction,3.42
SH00573,573,Digitube,Janūb as Surrah,451 Forest Run Trail,3.52
SH00574,574,Devbug,Verkhozim,15048 Waxwing Avenue,3.02
SH00575,575,Skidoo,Bol’shoy Karay,48548 Springs Place,3.52
SH00576,576,Zoomzone,Ciervo Petiso,559 Warner Center,4.32
SH00577,577,Gabtype,Wonosobo,22702 Gina Parkway,3.12
SH00578,578,Zoomdog,Las Palmas,86706 Bultman Way,3.32
SH00579,579,Centidel,Alfenas,5063 Ramsey Avenue,4.92
SH00580,580,Ozu,El Porvenir,64076 Loftsgordon Plaza,3.02
SH00581,581,Fanoodle,Vera,2354 Tennessee Road,4.32
SH00582,582,Realfire,Luoluopu,52 Division Alley,4.32
SH00583,583,Tagcat,Montecarlo,4 Lake View Plaza,3.92
SH00584,584,Quatz,Allen,3 Merrick Point,4.42
SH00585,585,Babbleset,Yubileyny,208 Crest Line Street,3.02
SH00586,586,Jamia,Villaviciosa,8206 Valley Edge Trail,4.02
SH00587,587,Innojam,West Palm Beach,1 Novick Circle,4.72
SH00588,588,Quinu,Suci Kaler,7594 Schurz Hill,3.62
SH00589,589,Shuffletag,Ndjolé,2 Shasta Alley,3.62
SH00590,590,Trilith,Tabia,62137 Lakeland Place,4.62
SH00591,591,Meembee,Hearst,76 Calypso Street,4.02
SH00592,592,Dynabox,Hanjia,9251 Cambridge Terrace,3.92
SH00593,593,Flashdog,Ashford,83 Hintze Pass,3.22
SH00594,594,Zoozzy,Bi’r Ḩāt,4 Sunbrook Way,3.62
SH00595,595,Cogidoo,Hengshui,51 Schiller Place,4.22
SH00596,596,Viva,Cocabamba,01573 Oneill Court,4.52
SH00597,597,Fivechat,Saint-Jean-de-Braye,07 Colorado Pass,4.82
SH00598,598,Eare,Vanimo,352 Union Way,3.92
SH00599,599,Dynava,Nałęczów,5122 Autumn Leaf Parkway,4.62
SH00600,600,Myworks,Huangbao,34 Hoffman Parkway,3.22
SH00601,601,Ailane,Yufa,84 Hovde Hill,3.52
SH00602,602,Jetpulse,Pirapora do Bom Jesus,75 Colorado Alley,4.22
SH00603,603,Katz,Dhankutā,28990 Arkansas Avenue,3.92
SH00604,604,Devpoint,Xinzhai,40 Glendale Terrace,3.12
SH00605,605,Voonder,Ciawitali,1391 Thackeray Way,3.62
SH00606,606,Zooxo,Doropeti,277 8th Lane,3.02
SH00607,607,Kamba,Xigebi,47806 Lotheville Point,4.22
SH00608,608,Twitternation,Owczarnia,22 Fieldstone Trail,4.12
SH00609,609,Lazz,Bantengan,1737 Hauk Lane,3.52
SH00610,610,Mycat,Suwon-si,069 Eastwood Pass,3.62
SH00611,611,Skyndu,Andir,8573 Londonderry Hill,4.92
SH00612,612,Tagcat,Xinying,89 Laurel Avenue,3.12
SH00613,613,Bubbletube,Kol’chugino,5 Talisman Court,4.72
SH00614,614,Topicstorm,Pombal,1366 Trailsway Way,3.42
SH00615,615,Abata,Heshang,73179 Gulseth Plaza,3.42
SH00616,616,Gabvine,Goiás,7 Kings Parkway,4.32
SH00617,617,Mudo,Hongshan,15783 Ryan Parkway,3.92
SH00618,618,Thoughtbeat,Södertälje,39 Pearson Lane,4.32
SH00619,619,Twitterbridge,Huata,79 Superior Hill,4.82
SH00620,620,Zoonder,Dakhla,536 Dwight Alley,3.52
SH00621,621,Plajo,Sarirejo Satu,1632 Ruskin Place,3.02
SH00622,622,Feedspan,Pantano do Sul,41 Melody Road,3.02
SH00623,623,Pixoboo,Pingli,05 Park Meadow Place,3.22
SH00624,624,Yata,Plaški,5332 Schurz Point,4.42
SH00625,625,Browsedrive,Baiyashi,8 Fair Oaks Street,3.42
SH00626,626,Yambee,Dohār,43 Basil Court,3.72
SH00627,627,Vitz,Kaya,27568 Dexter Pass,3.52
SH00628,628,Jabbersphere,Kurungannyawa,2 Magdeline Place,4.32
SH00629,629,Dazzlesphere,Guangang,04447 Express Circle,4.62
SH00630,630,Blogtag,Kafr ash Shaykh,5801 Melody Place,4.62
SH00631,631,Brightdog,Herálec,607 Meadow Ridge Terrace,4.02
SH00632,632,Feedmix,Monte Azul Paulista,34 Pleasure Drive,4.02
SH00633,633,Meeveo,Kebili,65 Loftsgordon Avenue,4.12
SH00634,634,Geba,San Jose,68 Main Junction,3.52
SH00635,635,Voonder,Panbang,6599 Northview Plaza,4.32
SH00636,636,Realpoint,Zhonghekou,65 Trailsway Road,3.72
SH00637,637,Vitz,Singa,8973 Weeping Birch Place,3.32
SH00638,638,Avamm,Куклиш,443 Dwight Point,4.92
SH00639,639,Devpulse,Caringin Lor,68 Westport Point,3.12
SH00640,640,Avamba,Lower Hutt,21118 Rockefeller Terrace,3.62
SH00641,641,Eimbee,Kopashnovo,3734 Garrison Place,4.02
SH00642,642,Teklist,Xinhuang,31 Forest Dale Parkway,4.92
SH00643,643,Katz,La Asunción,8545 Sullivan Parkway,3.62
SH00644,644,Skimia,Guilherand-Granges,57624 Heath Terrace,3.82
SH00645,645,Camimbo,Nungga,58 Loftsgordon Hill,3.32
SH00646,646,Yacero,Övertorneå,241 Anniversary Plaza,3.42
SH00647,647,Topicstorm,Langenburg,1775 Orin Drive,3.62
SH00648,648,Camimbo,Kolobovo,202 Helena Drive,4.62
SH00649,649,Eire,Shuigou’ao,2 Cambridge Junction,3.22
SH00650,650,Tagcat,Mahaica Village,1869 Marquette Place,4.72
SH00651,651,Tagtune,Half Way Tree,30482 Thompson Park,4.62
SH00652,652,Wordpedia,Gose,26670 Village Green Road,3.22
SH00653,653,Buzzdog,Krajan Dua Putukrejo,46053 Donald Terrace,3.32
SH00654,654,Edgeify,Morant Bay,904 Tennessee Trail,3.72
SH00655,655,Riffwire,Xinyang,2 Almo Road,4.62
SH00656,656,Jetwire,Osa,2 Caliangt Plaza,3.62
SH00657,657,Yadel,Ngama,6 Village Trail,3.62
SH00658,658,Meevee,Miasteczko Śląskie,9005 Lakeland Pass,4.32
SH00659,659,Fivechat,Chociwel,37 3rd Junction,4.22
SH00660,660,Quatz,Huangcun,719 Caliangt Road,4.02
SH00661,661,Feedbug,Papringan,0 North Point,3.92
SH00662,662,Babbleopia,Espera Feliz,165 Hagan Alley,4.42
SH00663,663,Bubblebox,Campo Quijano,6 Macpherson Drive,4.02
SH00664,664,Pixonyx,Panbang,6 Melrose Center,3.12
SH00665,665,Meevee,San Antonio,1292 Dorton Terrace,3.02
SH00666,666,Miboo,Bairro de Santo António,4632 Jay Place,3.52
SH00667,667,Browseblab,Grenoble,7988 Glacier Hill Place,4.32
SH00668,668,Quimm,Bera,84 Comanche Trail,3.22
SH00669,669,Talane,Kanigorokrajan,80326 Prairie Rose Center,3.62
SH00670,670,Avavee,Circa,73228 1st Road,4.02
SH00671,671,Voonte,Akankpa,7 Dakota Junction,4.82
SH00672,672,Yozio,Palma Gil,81571 Dwight Park,3.02
SH00673,673,Wikivu,Melchor Ocampo,4 Upham Terrace,3.72
SH00674,674,Rhyzio,Bulangan,0 Hansons Street,4.62
SH00675,675,Thoughtbridge,Riit,64 Sachs Circle,3.82
SH00676,676,Trunyx,Trudovoye,9 Manitowish Place,4.62
SH00677,677,Livetube,Woloara,4118 Portage Alley,4.72
SH00678,678,Wordpedia,Iwaki,95 Barby Crossing,3.82
SH00679,679,Skyndu,Nan’an,904 David Avenue,4.42
SH00680,680,Latz,Resplendor,91 Jenna Lane,4.32
SH00681,681,Cogidoo,Beiquan,2645 Fremont Lane,3.32
SH00682,682,Kimia,Anaráchi,0328 Shopko Street,3.12
SH00683,683,Quatz,Huanoquite,990 Linden Parkway,3.22
SH00684,684,Zoonoodle,Karak,5 Atwood Parkway,3.72
SH00685,685,Ainyx,Gozdnica,83394 Macpherson Street,3.52
SH00686,686,Zooveo,Yoshida-kasugachō,35235 Crest Line Park,3.32
SH00687,687,Riffpedia,Compiègne,000 Lakeland Parkway,4.92
SH00688,688,Rhynoodle,Jucás,9983 Hoepker Parkway,3.42
SH00689,689,Tanoodle,Princeville,28 Hoffman Road,4.52
SH00690,690,Oyoyo,Knoxville,25 Ilene Avenue,3.92
SH00691,691,Twinder,Suwon-si,09 Comanche Road,3.62
SH00692,692,Photospace,Göteborg,44 Warbler Court,3.72
SH00693,693,Blogtags,Ichuña,4317 Clemons Plaza,4.42
SH00694,694,Skinix,Al Khawkhah,01 Hooker Road,3.62
SH00695,695,Trilith,Vetluzhskiy,4 Jay Street,3.62
SH00696,696,Realmix,Revda,0 Nobel Street,3.82
SH00697,697,Flashspan,Oslo,4 Dahle Street,4.72
SH00698,698,Vinder,Baita,93 Northwestern Hill,4.42
SH00699,699,Aimbo,Na Yong,37061 Kingsford Point,3.92
SH00700,700,Meejo,Vila Nova,5 Utah Parkway,4.12
SH00701,701,Thoughtbridge,Funza,29 Atwood Crossing,4.02
SH00702,702,Avaveo,Las Palmas,2023 Loeprich Terrace,4.72
SH00703,703,Brainsphere,Chengui,69 Sunnyside Junction,3.92
SH00704,704,Kwilith,Munde,049 Vidon Drive,3.82
SH00705,705,Photojam,Buda-Kashalyova,096 Transport Street,3.22
SH00706,706,Katz,Dobrzeń Wielki,46 Center Way,4.52
SH00707,707,Edgepulse,Lerrnanist,8792 Veith Circle,4.32
SH00708,708,Livefish,Zhenjiang,31085 La Follette Street,4.02
SH00709,709,Yambee,Weifang,14 Kropf Park,3.02
SH00710,710,Gabvine,Darvi,9 Maple Park,4.42
SH00711,711,Riffpedia,Södertälje,42 Kennedy Drive,3.52
SH00712,712,Kayveo,Aba,59262 La Follette Avenue,4.82
SH00713,713,Jabbercube,Saint-Denis,4 Hoepker Parkway,4.92
SH00714,714,Tekfly,Budënnovsk,705 Londonderry Point,4.42
SH00715,715,Thoughtbridge,Ariguaní,50 Sutteridge Alley,3.92
SH00716,716,Dynava,Zambujal,0 Oak Valley Junction,3.22
SH00717,717,Quaxo,Saint-Fargeau-Ponthierry,29 American Pass,4.52
SH00718,718,Babbleblab,Umeå,3811 Meadow Valley Avenue,3.62
SH00719,719,Cogilith,Damaturu,308 Oakridge Hill,4.82
SH00720,720,Zooxo,Ciodeng,3 2nd Hill,4.82
SH00721,721,Talane,Studená,9 Hanover Avenue,3.82
SH00722,722,Meevee,Yanjiang,4 Scoville Park,3.52
SH00723,723,Thoughtblab,Tamorong,97793 Cambridge Crossing,4.32
SH00724,724,Dynabox,Faleula,055 Spohn Park,3.42
SH00725,725,BlogXS,Kota Kinabalu,95095 Meadow Ridge Plaza,3.52
SH00726,726,Yodel,Mawu,67 Coolidge Trail,4.72
SH00727,727,Kimia,San Fernando del Valle de Catamarca,6132 Forest Run Center,4.82
SH00728,728,Photospace,Bonoua,20 Forest Place,3.22
SH00729,729,Riffwire,Kolsh,132 Clarendon Point,4.42
SH00730,730,Twitterwire,Sindangkopo,5672 Mariners Cove Court,3.92
SH00731,731,Dabjam,Yamoussoukro,6 Mosinee Alley,4.02
SH00732,732,Eabox,Sukpak,09947 Sachs Plaza,3.42
SH00733,733,Topicblab,Bishkek,7 Farmco Trail,4.62
SH00734,734,Jabberbean,Casal da Anja,0621 Sullivan Point,4.12
SH00735,735,Oyonder,Overyata,87 Birchwood Circle,3.22
SH00736,736,Twitterlist,Buenavista,63204 Pepper Wood Place,4.12
SH00737,737,JumpXS,Wangcheng,82034 Fisk Point,4.22
SH00738,738,Yoveo,Wanlongshan,761 Kinsman Trail,4.42
SH00739,739,Chatterbridge,Kosmach,4 Schiller Trail,3.32
SH00740,740,Kimia,Saḩāb,4667 Fisk Parkway,3.72
SH00741,741,Twitterbridge,Kikinda,3 Oriole Drive,4.22
SH00742,742,Edgepulse,Sampaloc,2 Fairfield Trail,4.62
SH00743,743,Wikido,Caobi,82308 Hintze Trail,3.42
SH00744,744,Photobug,Baimajing,82517 Bayside Circle,4.22
SH00745,745,Skynoodle,Bilad,3 Coolidge Center,3.92
SH00746,746,Rhynyx,Ourtzagh,5 Buhler Point,4.82
SH00747,747,Tavu,Marka,1 Emmet Street,3.32
SH00748,748,Jabbersphere,Stockholm,18 Kinsman Circle,4.02
SH00749,749,Brainbox,Borlänge,5424 Kenwood Crossing,3.42
SH00750,750,Snaptags,Peicheng,3738 Nova Point,4.62
SH00751,751,Eadel,Wincrange,75203 Northwestern Avenue,4.72
SH00752,752,Browsebug,Makoko,709 Maryland Place,4.62
SH00753,753,Quimba,Cruzeiro,599 Miller Plaza,4.02
SH00754,754,Quimba,Troyes,07 Tennyson Junction,4.42
SH00755,755,Tagcat,Laau,78966 La Follette Center,4.62
SH00756,756,Kaymbo,Lavrica,47 Oxford Terrace,3.62
SH00757,757,Meezzy,Gafsa,32 Blackbird Pass,4.72
SH00758,758,Brainverse,Naqadeh,43218 Pearson Park,3.02
SH00759,759,Trudoo,Marcovia,0 Ridgeway Way,3.42
SH00760,760,Flashdog,Tamorot,960 Golf Course Center,4.92
SH00761,761,Buzzshare,Kavajë,709 Gerald Park,4.52
SH00762,762,Devcast,Chengguan,393 Darwin Park,4.82
SH00763,763,Oyope,Lawa-an,1009 Vera Center,3.52
SH00764,764,Voomm,Gikongoro,7766 Reindahl Court,4.12
SH00765,765,Gevee,Hantang,42 Sauthoff Park,3.82
SH00766,766,Chatterpoint,Doghs,5208 Vermont Lane,3.22
SH00767,767,Tavu,Matumadua,3 Doe Crossing Way,4.22
SH00768,768,Jayo,Anka,3623 Randy Avenue,3.42
SH00769,769,Tekfly,San Felipe,28365 Welch Plaza,4.42
SH00770,770,Tagtune,Laibin,9 Lillian Road,4.62
SH00771,771,Plajo,Argasari,4 Waubesa Point,4.32
SH00772,772,Rhynyx,Tsybli,49542 Pankratz Drive,3.82
SH00773,773,Jaxworks,Jiangshan,8 Northridge Terrace,4.82
SH00774,774,Blogtags,Xujiaqiao,0028 Lakeland Park,4.52
SH00775,775,Vinder,Puerto Plata,1 School Trail,4.22
SH00776,776,Dabfeed,Longkou,32930 Northfield Pass,4.62
SH00777,777,Fiveclub,Shuanghe,21247 Straubel Court,4.32
SH00778,778,Skyvu,Gaoyi,024 Cambridge Junction,3.42
SH00779,779,Fanoodle,Cinangsih Satu,2 Thompson Street,4.32
SH00780,780,Reallinks,Ostashkov,95 Bonner Terrace,3.52
SH00781,781,Wikivu,Katipunan,2251 Express Road,3.22
SH00782,782,Eire,Araguari,521 Pennsylvania Road,4.32
SH00783,783,Dabjam,Cawayan Bugtong,0 Parkside Terrace,3.72
SH00784,784,Centimia,Petong,7054 Northfield Place,4.12
SH00785,785,Nlounge,Shuanggang,75 Duke Point,4.62
SH00786,786,Devcast,Marco,437 Longview Circle,3.32
SH00787,787,Devify,Štítina,1 Anderson Way,4.52
SH00788,788,Vipe,Dhromolaxia,872 Main Parkway,4.22
SH00789,789,Feedspan,Buenavista,5 Lawn Place,3.92
SH00790,790,Zooxo,Canturay,847 Elgar Parkway,4.62
SH00791,791,Dabjam,Gulbene,378 Blackbird Trail,3.52
SH00792,792,Yacero,Pulong Sampalok,79339 Basil Hill,4.52
SH00793,793,Skyvu,Luthu,362 Walton Court,4.92
SH00794,794,Skaboo,Vrbovec,08 Monument Point,3.62
SH00795,795,Centidel,Ríohacha,6 Truax Center,3.92
SH00796,796,Voonder,Belos Ares,4 Lyons Alley,3.52
SH00797,797,Twiyo,Vilémov,0663 Prairie Rose Court,4.42
SH00798,798,Yabox,Orekhovo-Zuyevo,2248 Knutson Lane,4.82
SH00799,799,Yozio,Sokyryany,86212 Lien Park,4.62
SH00800,800,Twiyo,Nancang,5 Fordem Circle,4.02
SH00801,801,Aibox,Dinājpur,798 Onsgard Point,4.92
SH00802,802,Oyoloo,Mtambile,682 Talmadge Avenue,4.32
SH00803,803,Mudo,Kahama,7 Fallview Road,4.62
SH00804,804,Browsetype,Novomoskovsk,0503 Morning Court,4.02
SH00805,805,Meevee,Zhanping,5469 Hallows Place,3.42
SH00806,806,Rhyloo,Langsa,817 Valley Edge Court,4.92
SH00807,807,Photobug,Gialo,6 Walton Plaza,3.02
SH00808,808,Flashset,Maliana,113 Prairie Rose Circle,4.02
SH00809,809,Yoveo,Bugis,3 Glacier Hill Park,3.12
SH00810,810,Skibox,Sananduva,6852 8th Hill,3.42
SH00811,811,Nlounge,Jiulong,98999 Crownhardt Parkway,3.32
SH00812,812,Geba,Kantharalak,10 Cherokee Road,3.92
SH00813,813,Quimba,Boituva,73967 Jenna Lane,3.22
SH00814,814,Photofeed,Cekcyn,4235 Knutson Plaza,4.12
SH00815,815,Zoomlounge,Ramat HaSharon,621 Armistice Circle,3.32
SH00816,816,Feedmix,Jiakexi,35 Northport Plaza,4.12
SH00817,817,Fliptune,Sukajadi,3 Erie Junction,3.12
SH00818,818,Realfire,La Laguna,312 Gateway Point,3.92
SH00819,819,Agimba,Pieniężno,43348 Orin Pass,4.32
SH00820,820,Kaymbo,Sal’sk,76967 Butterfield Pass,3.52
SH00821,821,Skiptube,Lajarik,9 La Follette Point,4.52
SH00822,822,Jabbertype,Peremyshl’,3951 Westridge Alley,3.82
SH00823,823,Yombu,Huantuo,2 Bayside Park,3.12
SH00824,824,Ntag,Sendangkemulian,26 North Center,4.22
SH00825,825,LiveZ,Thākurgaon,726 Sugar Alley,3.82
SH00826,826,Trupe,Tibillo,5 Hermina Place,4.22
SH00827,827,Topicshots,Velykoploske,78530 Sycamore Street,4.92
SH00828,828,Brightbean,Bairro Assunção Piedade,54601 Golf View Point,3.02
SH00829,829,Jabberbean,Bromma,42 Comanche Way,3.92
SH00830,830,Eabox,Stratónion,4 Novick Plaza,3.92
SH00831,831,Skyvu,Wutong,4 Dayton Terrace,3.02
SH00832,832,Skyble,Kaesŏng,32 Eggendart Road,3.22
SH00833,833,Trilia,Zongzhai,8887 Twin Pines Park,4.42
SH00834,834,Agivu,Kotaagung,64175 Glendale Center,4.22
SH00835,835,Kwimbee,Dushan,61571 John Wall Avenue,3.62
SH00836,836,Viva,Cibatuireng,96737 Sunfield Pass,4.02
SH00837,837,Yamia,Pueblo Nuevo Viñas,45 4th Hill,4.22
SH00838,838,Fivebridge,Unisław,918 Pierstorff Hill,3.22
SH00839,839,Devify,Puricay,76912 Talisman Place,3.12
SH00840,840,Buzzshare,Oodweyne,1 Mccormick Park,4.32
SH00841,841,Katz,San Patricio,5339 Monterey Center,4.32
SH00842,842,Tekfly,Buenaventura,6123 Forest Dale Pass,4.32
SH00843,843,Edgeblab,Barrio San Luis,7533 Mockingbird Trail,3.72
SH00844,844,Kazu,Svedala,1 Village Green Point,3.92
SH00845,845,Kwinu,Rogóźno,18 Thompson Court,4.32
SH00846,846,Vinder,Lexington,81 Hayes Terrace,4.32
SH00847,847,Trupe,Samajie Ewenkeminzu,365 Trailsway Trail,4.22
SH00848,848,Feedspan,Panganiban,7114 Hauk Trail,3.42
SH00849,849,Photofeed,Qabaqçöl,849 Mayer Trail,4.42
SH00850,850,Twitterbeat,Borek,0113 Summerview Park,3.82
SH00851,851,Vinder,Karlskrona,8228 Northview Circle,4.52
SH00852,852,Latz,Mattaldi,1382 Old Gate Park,3.12
SH00853,853,LiveZ,Naikoten Dua,2012 Bellgrove Parkway,3.52
SH00854,854,Eimbee,Uddiawan,62436 Southridge Parkway,4.22
SH00855,855,Muxo,Sop Pong,7 Trailsway Way,3.62
SH00856,856,Zoomlounge,Dobruševo,4 Vahlen Parkway,3.12
SH00857,857,Skivee,Huangshi,91513 Clarendon Avenue,4.82
SH00858,858,Wordtune,Inuyama,4119 Stang Court,4.22
SH00859,859,Quinu,Novo Horizonte,9860 Grayhawk Alley,4.62
SH00860,860,Photofeed,Los Andes,42 Dawn Circle,3.42
SH00861,861,Photobug,Xiangyang,85 Maple Road,4.72
SH00862,862,Photojam,Nekhayevskiy,869 Marcy Drive,3.62
SH00863,863,Youspan,Chafé,89 Utah Way,3.02
SH00864,864,Kwimbee,De la Paz,93591 Oriole Hill,4.42
SH00865,865,Wordpedia,Ocampo,76521 Sheridan Way,4.82
SH00866,866,Abatz,San Eugenio,9954 Dunning Road,4.52
SH00867,867,Trilia,Reims,0957 Oak Valley Plaza,4.62
SH00868,868,Rhynyx,Ylihärmä,44901 Tomscot Trail,4.32
SH00869,869,Avamm,Yangjian,95072 Hagan Drive,4.52
SH00870,870,Tagchat,Pucyura,64 Summit Court,4.52
SH00871,871,Edgetag,Camrose,19 Derek Center,3.32
SH00872,872,Avavee,Roma,434 Susan Drive,4.32
SH00873,873,Dablist,Ludu,173 Mayfield Drive,3.22
SH00874,874,Wordpedia,San Rafael,506 Merchant Hill,4.12
SH00875,875,Linkbuzz,Mapiripán,32462 Londonderry Court,3.92
SH00876,876,Eayo,Cova Figueira,1058 Erie Avenue,3.12
SH00877,877,Youspan,Tamandaré,06657 Straubel Junction,3.02
SH00878,878,Wikibox,Ryazhsk,5 Starling Lane,3.12
SH00879,879,Kare,Postřekov,58589 Mccormick Junction,4.22
SH00880,880,Skilith,Yelan’,5 6th Hill,3.52
SH00881,881,Skiba,Hougang,30233 Steensland Drive,3.42
SH00882,882,Photobug,San Agustin,5 Pankratz Avenue,4.72
SH00883,883,Yakijo,Molsheim,955 Dahle Court,3.02
SH00884,884,Yoveo,Bykivka,83 Duke Center,4.92
SH00885,885,Yakijo,Liaozhong,3 Muir Plaza,3.82
SH00886,886,Jetwire,Buur Gaabo,8899 Northland Park,4.22
SH00887,887,Npath,Grand Rapids,373 Bellgrove Alley,4.32
SH00888,888,Gevee,Edsbyn,59246 Cherokee Point,3.72
SH00889,889,Midel,Smoky Lake,12461 Porter Pass,4.72
SH00890,890,Riffwire,Senadan,7201 Anzinger Trail,4.92
SH00891,891,Buzzbean,Pombas,9236 Cottonwood Place,4.92
SH00892,892,Eabox,Urungpigang,879 7th Way,4.72
SH00893,893,Aibox,Washington,0335 Montana Plaza,3.22
SH00894,894,Thoughtstorm,Jiaoqi,4 Utah Plaza,3.02
SH00895,895,Wikibox,Talangnan,5399 Clarendon Lane,3.92
SH00896,896,Kazio,Newton,4903 Pearson Pass,3.42
SH00897,897,Jaxspan,São Vicente de Ferreira,20 Prentice Lane,3.82
SH00898,898,Mydeo,Karlstad,47 Troy Crossing,3.52
SH00899,899,Blognation,Villa General Belgrano,53945 Butternut Trail,4.52
SH00900,900,Photobug,Saribudolok,513 Jenifer Pass,3.82
SH00901,901,Pixonyx,Santa Maria da Vitória,881 Fordem Hill,4.62
SH00902,902,Thoughtsphere,Xin’an,871 Autumn Leaf Road,3.92
SH00903,903,Oodoo,Shizikeng,7150 Melvin Point,3.52
SH00904,904,Katz,Khanabad,6531 Paget Avenue,3.52
SH00905,905,Meembee,Ploso,0710 Nevada Alley,3.12
SH00906,906,Snaptags,Rust’avi,52093 Westend Junction,4.22
SH00907,907,Zooxo,Ponyri Vtoryye,79949 New Castle Court,3.42
SH00908,908,Twitterwire,Spånga,59811 Corben Court,3.42
SH00909,909,Fadeo,Yumaguzino,8 Little Fleur Park,4.72
SH00910,910,Vinder,Tapan,8 Eastlawn Junction,3.62
SH00911,911,Dynabox,Jiuguan,638 Ronald Regan Trail,4.82
SH00912,912,Meemm,Mingora,2 Bellgrove Circle,4.92
SH00913,913,Dynazzy,Tuti,534 Walton Point,4.22
SH00914,914,Bluejam,Muro,9512 Farwell Street,4.22
SH00915,915,Dynazzy,Villeneuve-lès-Avignon,1618 Burning Wood Plaza,4.72
SH00916,916,Lazz,Manaloal,640 Mifflin Circle,4.32
SH00917,917,Browsezoom,Kyjov,4059 Quincy Drive,4.62
SH00918,918,Devify,Zselickislak,94 Mayfield Court,4.22
SH00919,919,Cogidoo,Vasyl'evsky Ostrov,243 Lunder Junction,4.62
SH00920,920,Voonte,Niuzhuang,7 Jackson Avenue,4.32
SH00921,921,Katz,Feijó,0140 Sloan Place,4.52
SH00922,922,DabZ,Pianling,42890 Sherman Avenue,4.92
SH00923,923,Skaboo,Ngundaan,920 Stephen Center,4.72
SH00924,924,Photofeed,Cockburn Town,046 Talmadge Trail,3.02
SH00925,925,Zoomcast,Bulgan,1 Hagan Terrace,3.52
SH00926,926,Roodel,Bagumbayan,5721 Artisan Lane,3.92
SH00927,927,Ntags,Margasari,56285 Coleman Parkway,4.12
SH00928,928,Einti,Andkhōy,60 Ryan Terrace,3.92
SH00929,929,Linkbridge,Yangqiao,422 Elgar Road,4.92
SH00930,930,Devcast,Haimen,373 Lakewood Terrace,4.42
SH00931,931,Cogidoo,Grzechynia,8322 Melvin Way,4.32
SH00932,932,Zoomcast,Zelenogradsk,7 La Follette Plaza,3.92
SH00933,933,Voomm,Kumane,642 Porter Plaza,4.92
SH00934,934,Oozz,Balabac,96 Northfield Way,3.02
SH00935,935,Skibox,Thulamahashi,8 Saint Paul Terrace,4.02
SH00936,936,Fanoodle,Klishkivtsi,74754 Park Meadow Parkway,3.52
SH00937,937,Voolith,Tranca,6 Tennyson Trail,3.02
SH00938,938,Yadel,Ngunguru,0 Di Loreto Lane,4.92
SH00939,939,Fivespan,Shazi,455 Blue Bill Park Lane,4.22
SH00940,940,Omba,Jacutinga,1 Old Gate Point,3.72
SH00941,941,Jetpulse,Fovissste,424 Lakewood Pass,4.12
SH00942,942,Jabbertype,Psygansu,618 Blue Bill Park Park,3.42
SH00943,943,Avaveo,Panambi,3778 Mayfield Hill,3.02
SH00944,944,Youfeed,Licuan,776 Ridgeview Terrace,3.62
SH00945,945,Riffpedia,Birobidzhan,1197 Magdeline Crossing,4.32
SH00946,946,Twitternation,Kafir Qala,8 East Street,3.62
SH00947,947,Chatterbridge,Pīrgaaj,56415 Heffernan Way,4.72
SH00948,948,Omba,Luobuqiongzi,07025 6th Terrace,3.82
SH00949,949,Thoughtstorm,Bijelo Polje,8690 Algoma Parkway,4.22
SH00950,950,Talane,Kitaibaraki,290 Meadow Ridge Pass,3.32
SH00951,951,Quatz,Nanggewer,13866 Hooker Street,4.02
SH00952,952,Talane,Biting,6039 Forster Drive,4.22
SH00953,953,Bubblebox,Noyakert,1 Union Hill,3.72
SH00954,954,Zoomdog,Rancagadog,9 Kennedy Street,3.92
SH00955,955,Jaxworks,Pregrada,4052 Banding Street,4.32
SH00956,956,Skyble,Không,86991 Grasskamp Alley,4.82
SH00957,957,Trunyx,Peterborough,963 John Wall Alley,4.62
SH00958,958,Ailane,Banyo,484 Surrey Place,4.62
SH00959,959,Eabox,Sanyang,86 Columbus Place,4.02
SH00960,960,Tagtune,Dimona,6164 Schurz Terrace,3.82
SH00961,961,Trudeo,Morrito,261 Hanover Alley,3.62
SH00962,962,Browsedrive,Tobol,03 Fulton Terrace,4.62
SH00963,963,Cogilith,Wuping,78 Lake View Park,3.02
SH00964,964,Mudo,Nagrak,5822 Dixon Crossing,4.52
SH00965,965,Cogibox,Ersekë,3 Huxley Court,3.02
SH00966,966,Trunyx,Niquelândia,169 Nobel Pass,4.92
SH00967,967,Tagfeed,Awilega,95 Killdeer Junction,3.12
SH00968,968,Topiclounge,Francisco Villa,4430 Shoshone Point,3.02
SH00969,969,Yamia,Garibaldi,0397 Sycamore Parkway,3.12
SH00970,970,Rhynoodle,Linjiang,7169 Rowland Pass,3.12
SH00971,971,Dabvine,Quillota,87950 Rowland Drive,4.92
SH00972,972,Topicstorm,Priyutovo,60 New Castle Center,3.92
SH00973,973,Topdrive,Rubizhne,10 Springview Plaza,3.22
SH00974,974,Yakitri,Isahaya,9806 Sycamore Point,4.72
SH00975,975,Vidoo,Guatraché,723 Blackbird Point,4.72
SH00976,976,Edgeify,Brahin,047 Westridge Alley,3.12
SH00977,977,JumpXS,Przodkowo,64 Del Mar Court,3.92
SH00978,978,Demivee,Genyem,0 Claremont Trail,3.02
SH00979,979,Camimbo,Hajoho,8 Havey Pass,3.42
SH00980,980,Thoughtsphere,Karanganyarkrajan,51869 Bartelt Park,3.42
SH00981,981,Yacero,Independence,62411 Division Terrace,3.92
SH00982,982,Eimbee,Elx/Elche,7656 Cody Junction,3.42
SH00983,983,Photobean,Qinnan,333 Riverside Trail,4.72
SH00984,984,Thoughtblab,Broumov,279 Summer Ridge Parkway,4.32
SH00985,985,Skidoo,Wangchang,65 Spaight Road,3.92
SH00986,986,Oyoloo,Buenos Aires,5471 8th Way,4.42
SH00987,987,Voolia,Mao,31 Esch Way,3.02
SH00988,988,Tagpad,Ar Ruţbah,689 Graceland Terrace,3.12
SH00989,989,Brainlounge,Nixi,5 Larry Court,3.52
SH00990,990,Tagopia,Casilda,5342 Bashford Place,3.82
SH00991,991,Centidel,Emiliano Zapata,6 Cardinal Alley,4.92
SH00992,992,Dabfeed,Skellefteå,60677 Hayes Court,4.72
SH00993,993,Wikivu,Tanghu,6 Clarendon Circle,4.92
SH00994,994,Abata,Quinta de Valadares,91 Claremont Park,4.12
SH00995,995,Geba,Alderetes,8 Truax Crossing,4.82
SH00996,996,Twitterbridge,Kristiansand S,84287 Old Gate Court,3.02
SH00997,997,Rhybox,Káto Asítai,75 Haas Crossing,4.22
SH00998,998,Eayo,Bordeaux,68 School Center,4.52
SH00999,999,Brightdog,Zhouxi,28 Orin Avenue,3.32
SH01000,1000,Miboo,Linggamanik,78785 Troy Alley,4.12
