UserID,UserNo,UserName,UserGender,UserAddress,UserDOB
US00001,1,Devinne Snasel,Snasel,San Fernando,13/09/1983
US00002,2,Carny Maggi,Maggi,Ballinroad,28/03/2004
US00003,3,Ania Duesberry,Duesberry,Mjölby,27/08/2005
US00004,4,Shadow Robillard,Robillard,Zhushan,14/02/1966
US00005,5,Claire Dufoure,Dufoure,Ōarai,01/07/2018
US00006,6,Stephannie Valentinuzzi,Valentinuzzi,Union,01/12/1973
US00007,7,Christalle Grutchfield,Grutchfield,Ciherang,02/12/2017
US00008,8,Ford Cerith,Cerith,Santa Rosa,28/12/1962
US00009,9,Happy Ide,Ide,Watsa,20/07/2003
US00010,10,Idelle Squires,Squires,Axili,02/10/1982
US00011,11,Padriac Gunton,Gunton,Bélabo,07/11/1992
US00012,12,August Matthisson,Matthisson,Pilang,19/09/2015
US00013,13,Dottie Quoit,Quoit,Asquipata,26/06/2018
US00014,14,Phillis Mattacks,Mattacks,Pelotas,14/06/1962
US00015,15,Cordy Maffi,Maffi,Vidnoye,24/03/2008
US00016,16,Saunder Hagart,Hagart,Los Angeles,21/01/1978
US00017,17,Lorette Sayburn,Sayburn,Al Manshāh,30/04/2016
US00018,18,Ertha Gorton,Gorton,Zargarān,02/11/2011
US00019,19,Jdavie Gretham,Gretham,Martanesh,13/07/2015
US00020,20,Monte Gipps,Gipps,Oklahoma City,27/05/1973
US00021,21,Glenn Bloschke,Bloschke,Pasanggrahan,03/02/1968
US00022,22,Hyacinth Phinnessy,Phinnessy,Huiwen,16/02/1981
US00023,23,Maximilian Glanvill,Glanvill,Esso,16/04/1996
US00024,24,Arlen Cregeen,Cregeen,Kuntong,25/10/1991
US00025,25,Kaitlyn Eisold,Eisold,Nangang,15/08/1975
US00026,26,Lorry Bradder,Bradder,Nagbacalan,07/03/1995
US00027,27,Lelah Vanin,Vanin,Madruga,19/07/1989
US00028,28,Gideon Alwen,Alwen,Aserrío de Gariché,05/12/1991
US00029,29,Brodie Poytheras,Poytheras,Payao,10/09/1993
US00030,30,Berthe Rabl,Rabl,Skomielna Czarna,09/05/1993
US00031,31,Adrianne Attrie,Attrie,Norfolk,14/04/1985
US00032,32,Albie Tribe,Tribe,Firá,04/11/1951
US00033,33,Hershel McDougle,McDougle,Pandakan,17/11/1961
US00034,34,Sofia Ingon,Ingon,Toulouse,14/08/1969
US00035,35,Winston Wadesworth,Wadesworth,‘Arab ar Rashāydah,11/12/2005
US00036,36,Lily Spurier,Spurier,Boljoon,11/08/1975
US00037,37,Noelyn Poat,Poat,Lefkímmi,27/07/1951
US00038,38,Scot Antcliffe,Antcliffe,Waturoka,29/03/1980
US00039,39,Rivi Duxbury,Duxbury,Dongjiahe,08/03/1974
US00040,40,Rabbi Sterman,Sterman,Gerakaroú,28/03/1996
US00041,41,Selma Margarson,Margarson,Bektemir,18/01/1953
US00042,42,Brett Burness,Burness,Santa Cruz,04/12/1980
US00043,43,Jamima Piscopo,Piscopo,Tohong,07/02/1955
US00044,44,Cobbie Cuddihy,Cuddihy,Svoge,26/12/1990
US00045,45,Nathanil Pelfer,Pelfer,Nagorsk,15/06/1992
US00046,46,Morissa Abbe,Abbe,Jeblog Satu,10/05/2006
US00047,47,Gunar Sidebottom,Sidebottom,Al Munīrah,23/03/1988
US00048,48,Sisile Flawith,Flawith,Wuyang,02/02/2001
US00049,49,Orsola Pinckney,Pinckney,Yongfeng,27/07/1976
US00050,50,Rabbi Drust,Drust,Mapulo,12/08/1991
US00051,51,Arlie Arnaud,Arnaud,Jinzhuang,09/03/1992
US00052,52,Kimmy Rowen,Rowen,Qiantang,08/10/2009
US00053,53,Christan Sutcliffe,Sutcliffe,Victoriaville,03/02/2000
US00054,54,Merline Delle,Delle,Dijon,05/09/1986
US00055,55,Tomaso Brittle,Brittle,Dubréka,05/12/1991
US00056,56,Ranique Parkisson,Parkisson,Danao,12/02/1962
US00057,57,Gayle Maddox,Maddox,Södertälje,14/04/1998
US00058,58,Vin Albury,Albury,Kalwaria Zebrzydowska,25/12/1995
US00059,59,Philly Bispo,Bispo,Inírida,20/02/2009
US00060,60,Meade Dayton,Dayton,Castelo,11/07/1973
US00061,61,Harald Fownes,Fownes,Otorohanga,19/10/2011
US00062,62,Kalinda Nowell,Nowell,Bojszowy Nowe,02/04/1999
US00063,63,Brigida Wrettum,Wrettum,Longchi,30/05/1996
US00064,64,Zebulon Tigwell,Tigwell,Oslo,28/08/1964
US00065,65,Malachi Blackah,Blackah,Balboa,14/04/1960
US00066,66,Eyde Tabner,Tabner,Artemivs’k,07/11/2012
US00067,67,Audre Tolcharde,Tolcharde,Flagstaff,21/04/1954
US00068,68,Roley Poynor,Poynor,Nabunturan,11/03/1963
US00069,69,Elva Shortell,Shortell,Maisons-Laffitte,20/11/1955
US00070,70,Cris Lotterington,Lotterington,Tsyelyakhany,11/12/1986
US00071,71,Cecily Pollock,Pollock,Lembang,20/02/2019
US00072,72,Hamnet Lodeke,Lodeke,Pujiang,11/08/1984
US00073,73,Daron Billany,Billany,Plagiári,27/03/1999
US00074,74,Laura Hatrick,Hatrick,Cipaku,14/08/1980
US00075,75,Mufi Andrzejowski,Andrzejowski,Stockholm,24/10/1979
US00076,76,Elyssa Flasby,Flasby,Armen,25/06/1990
US00077,77,Sayre Gothard,Gothard,Nogliki,27/04/1964
US00078,78,Arv Dobbings,Dobbings,Nakło nad Notecią,23/04/1999
US00079,79,Kele Kivits,Kivits,Lebel-sur-Quévillon,12/03/1970
US00080,80,Annelise Habbema,Habbema,Gurinai,30/11/1975
US00081,81,Briney Curtayne,Curtayne,Bom Sucesso,01/06/1974
US00082,82,Addy Ivanchenkov,Ivanchenkov,Osa,03/11/1989
US00083,83,Marylinda Brandi,Brandi,Uppsala,08/08/2013
US00084,84,Mark O' Quirk,O' Quirk,Nong Hi,20/10/1997
US00085,85,Jeanette MacGaughy,MacGaughy,Tottori,05/06/1982
US00086,86,Ruy Tother,Tother,Judita,30/06/2003
US00087,87,Lelah Giovanitti,Giovanitti,Dimbokro,08/08/1987
US00088,88,Raeann Giacometti,Giacometti,Binhailu,21/10/1985
US00089,89,Bruce Nottingham,Nottingham,Guangyubao,04/05/2019
US00090,90,Candide Heiden,Heiden,Dashtavan,01/08/2014
US00091,91,Leon Convery,Convery,Labytnangi,17/01/1996
US00092,92,Devondra Meiner,Meiner,Ramanavichy,09/07/1989
US00093,93,Alla Seaward,Seaward,Ödeshög,13/01/1972
US00094,94,Celestina Pavlovic,Pavlovic,Jardim,23/04/1956
US00095,95,Hilary Carling,Carling,La Loma,27/01/2009
US00096,96,Tremayne Justis,Justis,Крушопек,17/01/1981
US00097,97,Torrie Kenwright,Kenwright,Kayu Agung,19/10/1957
US00098,98,Kylie Truin,Truin,Santo Domingo de los Colorados,30/10/1968
US00099,99,Elva Derrick,Derrick,Prigi,12/06/1961
US00100,100,Tonie Charpling,Charpling,Salinggara,29/06/1974
US00101,101,Malina Tompkinson,Tompkinson,Beichan,01/08/1979
US00102,102,Toby Burfitt,Burfitt,Newala Kisimani,21/11/1962
US00103,103,Gill Cosgrove,Cosgrove,Zakupne,27/04/1959
US00104,104,Zedekiah Dabels,Dabels,Nyalindung,22/07/1963
US00105,105,Emlen Garmons,Garmons,Huangyan,07/09/1967
US00106,106,Franzen Clearley,Clearley,Dankama,16/08/1968
US00107,107,Cybill Tomney,Tomney,Častolovice,22/05/1984
US00108,108,Griz Thoumasson,Thoumasson,Khlong Luang,01/11/1979
US00109,109,Lucias Feechum,Feechum,Dąbrowa,26/06/1985
US00110,110,Ginnifer Ginner,Ginner,Mitry-Mory,04/04/2005
US00111,111,Glenden McNaught,McNaught,Botucatu,26/06/2004
US00112,112,Coreen Clurow,Clurow,Xiaqiao,15/01/1954
US00113,113,Elise Key,Key,Stockholm,20/09/1998
US00114,114,Brewer Kleiser,Kleiser,Mashtūl as Sūq,08/10/1962
US00115,115,Byran Borghese,Borghese,Shimiaozi,17/10/2003
US00116,116,Elissa Prover,Prover,Želešice,13/03/2012
US00117,117,Daveen Mayer,Mayer,Strawberry Hills,05/06/2020
US00118,118,Morry Wilshere,Wilshere,Baisangguan,21/07/1976
US00119,119,Manolo Gozzett,Gozzett,Randudongkal,14/06/1984
US00120,120,Benni Eschalette,Eschalette,Puente Nacional,21/11/2011
US00121,121,Sylvester Boxen,Boxen,Bansko,22/12/1987
US00122,122,Rodd Chadwin,Chadwin,Comapa,03/05/2001
US00123,123,Lief McTavy,McTavy,Vinica,12/08/1964
US00124,124,Heidie Savell,Savell,Okocim,11/08/1975
US00125,125,Suzi Knath,Knath,Arapongas,23/06/1950
US00126,126,Lucilia Lutman,Lutman,Frederico Westphalen,04/08/1960
US00127,127,Ab Gormally,Gormally,San Miguel,08/02/2006
US00128,128,Jacquelin Bassford,Bassford,Roanoke,11/09/2006
US00129,129,Doro Bulfield,Bulfield,Tateyama,25/09/1987
US00130,130,Bink Mordon,Mordon,Vrané nad Vltavou,19/01/1953
US00131,131,Tiebold Elven,Elven,Novki,01/05/2006
US00132,132,Orion Sawers,Sawers,Varva,13/12/2008
US00133,133,Alberta Laugharne,Laugharne,Sakchu-ŭp,03/02/2015
US00134,134,Alberta Danielkiewicz,Danielkiewicz,Gävle,10/05/1962
US00135,135,Nana Borborough,Borborough,Shahbā,02/01/1977
US00136,136,Christoph Crafter,Crafter,Tangier,14/04/1977
US00137,137,Sean Stowers,Stowers,Helixi,22/02/2011
US00138,138,Melva Bakey,Bakey,Zhongshangang,23/11/1960
US00139,139,Brander Sauvan,Sauvan,Xinchang,10/01/1954
US00140,140,Leigha Bryson,Bryson,Lac La Biche,08/02/2017
US00141,141,Thatcher Miall,Miall,Belize City,27/10/1985
US00142,142,Gayla Fildery,Fildery,Konza,22/10/2014
US00143,143,Christian Bastian,Bastian,Saint-Augustin,18/12/2009
US00144,144,Kessia Sline,Sline,Jinqu,11/02/1962
US00145,145,Lennie Fillon,Fillon,Los Rastrojos,24/11/1999
US00146,146,Shayne Shoubridge,Shoubridge,Voyinka,17/05/2017
US00147,147,Reggi Allsep,Allsep,Quangang,18/03/1953
US00148,148,Jodie Tompkiss,Tompkiss,Götene,17/07/2015
US00149,149,Keri Bareham,Bareham,Imaan,26/02/1972
US00150,150,Broddie Jeayes,Jeayes,Kabba,06/01/1991
US00151,151,Tiphanie Garry,Garry,Gyangkar,29/04/2006
US00152,152,Alisun Honywill,Honywill,Peer,14/02/2012
US00153,153,Kerby Volker,Volker,Jawor,03/03/1991
US00154,154,Jewell Eayrs,Eayrs,Verin Artashat,20/08/2011
US00155,155,Florentia Cutten,Cutten,Chating,03/02/1974
US00156,156,Gerald Coule,Coule,Las Flores,18/02/2010
US00157,157,Marshal Tankard,Tankard,Yanwukou,19/08/2006
US00158,158,Leshia Joyner,Joyner,Koźle,30/08/1975
US00159,159,Carolann Leworthy,Leworthy,Rędziny,17/04/1981
US00160,160,Dominica Windrass,Windrass,Chã,05/06/1953
US00161,161,Ania Lochead,Lochead,Xinghua,04/08/1985
US00162,162,Cinnamon Boynes,Boynes,Iţsā,17/01/1952
US00163,163,Rochester Vautin,Vautin,Penedo,30/04/1957
US00164,164,Linoel Keene,Keene,Danauparis,16/02/1982
US00165,165,Finn Slograve,Slograve,Kaya,27/01/2011
US00166,166,Angelique Biddy,Biddy,Tatrang,30/09/2003
US00167,167,Garth Woolgar,Woolgar,Reguengos de Monsaraz,03/02/1977
US00168,168,Josefina Farleigh,Farleigh,Bamban,04/05/1985
US00169,169,Jarib Sansome,Sansome,Boston,24/06/1982
US00170,170,Michelina Peppard,Peppard,Heping,02/11/2002
US00171,171,Myra Sigert,Sigert,Beiquan,07/03/2001
US00172,172,Roley Allmark,Allmark,Fukou,25/07/1992
US00173,173,Colan Gergus,Gergus,Cervantes,09/01/2017
US00174,174,Bone Cowope,Cowope,Jabranti,08/04/2018
US00175,175,Harbert Thornthwaite,Thornthwaite,Quy Đạt,11/09/2004
US00176,176,Shandy Selwood,Selwood,Qiligang,25/10/1990
US00177,177,Alric Roy,Roy,Cumadcad,20/02/1961
US00178,178,Tobe Watkin,Watkin,Jandayan,29/09/1976
US00179,179,Ashien Hakking,Hakking,Trzin,28/09/1981
US00180,180,Ricki Charker,Charker,Myasnikyan,18/05/2016
US00181,181,Gilligan Domek,Domek,Chernukha,05/02/1960
US00182,182,Riane Gyver,Gyver,Mariestad,04/11/2008
US00183,183,Bronny Spragge,Spragge,Bellavista,04/09/1967
US00184,184,Silvan Jedrzejczyk,Jedrzejczyk,Rizómata,23/01/2009
US00185,185,Janeva Thompsett,Thompsett,Morje,10/10/2016
US00186,186,Joe Ogilby,Ogilby,Yunji,11/09/2001
US00187,187,Theresita McGreal,McGreal,Jdaidet el Matn,26/06/2016
US00188,188,Gustie Patey,Patey,Lokwabe,04/07/1951
US00189,189,Koralle Arnholz,Arnholz,Yongping,02/10/1969
US00190,190,Anna O'Gormally,O'Gormally,Budaka,03/01/2006
US00191,191,Cordelie Meers,Meers,Staroshcherbinovskaya,16/09/1988
US00192,192,Mikaela Rasmus,Rasmus,Kista,15/12/2013
US00193,193,Richart Lehmann,Lehmann,Kobylin,10/05/2008
US00194,194,Courtenay Whitfeld,Whitfeld,Kozmice,26/01/1985
US00195,195,Benito Maletratt,Maletratt,Dian-ay,14/03/1973
US00196,196,Miner Ruckman,Ruckman,Cupira,07/12/2018
US00197,197,Barrett Chazier,Chazier,Nginokrajan,28/03/1955
US00198,198,Enrico Yeeles,Yeeles,Bangko,19/09/2018
US00199,199,Tammi Hucquart,Hucquart,Quilmaná,30/11/2017
US00200,200,Roberto Liggons,Liggons,Serra,27/12/1983
US00201,201,Alis Camfield,Camfield,Birmingham,12/08/1992
US00202,202,Dix Disbury,Disbury,Bahía Blanca,20/09/2003
US00203,203,Barnaby Ondrusek,Ondrusek,Tamaki,19/07/2010
US00204,204,Lu Robroe,Robroe,Novokhopërsk,01/12/1964
US00205,205,Averyl Dowall,Dowall,Konstantinovo,19/08/1984
US00206,206,Clementine Erat,Erat,Shakhta,04/04/1997
US00207,207,Oran Jell,Jell,Jagistay,27/10/1975
US00208,208,Darcy Batho,Batho,Krzyżanów,25/07/1956
US00209,209,Hastings Haddy,Haddy,Aldeias de Cima,28/06/1981
US00210,210,Lurlene Kobieriecki,Kobieriecki,Seixal,18/11/2002
US00211,211,Georg Sears,Sears,Katoúna,07/11/1957
US00212,212,Ashien Marriner,Marriner,Kuala Bhee,09/08/1978
US00213,213,Teddy Joskovitch,Joskovitch,Riangkroko,31/12/1977
US00214,214,Tim Fouracre,Fouracre,Kyzylorda,13/10/1989
US00215,215,Haven Moyes,Moyes,Reshetikha,22/02/1962
US00216,216,Tanhya Teenan,Teenan,Paris 12,17/01/1952
US00217,217,Mandel Daniells,Daniells,Huangtukuang,16/06/1956
US00218,218,Claus Loffill,Loffill,Honghe,25/04/1954
US00219,219,Patton Geipel,Geipel,Santo Tomé,16/08/1992
US00220,220,Minda Rackam,Rackam,Bang Sai,27/02/1982
US00221,221,Grady Leese,Leese,Kofelē,14/11/1969
US00222,222,Kizzee Hamshaw,Hamshaw,Jiulong,05/01/1982
US00223,223,Dona Geale,Geale,Metković,25/08/2012
US00224,224,Wittie Bachs,Bachs,Baculongan,26/07/1953
US00225,225,Demeter Kelledy,Kelledy,Portet-sur-Garonne,01/01/1965
US00226,226,Rubia Cantrell,Cantrell,Risālpur,28/09/1983
US00227,227,Antonie Duplan,Duplan,Youxikou,13/12/1999
US00228,228,Wallas Renison,Renison,Douane,10/12/1971
US00229,229,Anallese Bear,Bear,Gunung,16/01/1965
US00230,230,Rheta Benstead,Benstead,Fort Wayne,28/04/1988
US00231,231,Karalynn Mounsie,Mounsie,Mladá Boleslav,15/01/2009
US00232,232,Linus McPherson,McPherson,Chyżne,06/03/1968
US00233,233,Lane Diprose,Diprose,Bayan,02/10/1997
US00234,234,Kristen Smart,Smart,Nyzhni Sirohozy,15/01/1952
US00235,235,Colly Gallant,Gallant,Noen Maprang,08/12/1990
US00236,236,Nealon Bernucci,Bernucci,Níkaia,02/11/1958
US00237,237,Linea St Ledger,St Ledger,Przyborów,11/02/2004
US00238,238,Kile Breyt,Breyt,Lyon,23/11/2012
US00239,239,Brocky Russell,Russell,Dhībīn,22/07/1968
US00240,240,Patricia Keyhoe,Keyhoe,Luocheng,06/05/2010
US00241,241,Netti Albrighton,Albrighton,Vyborg,09/01/2007
US00242,242,Constantina Fathers,Fathers,Kharkhorin,15/04/1996
US00243,243,Emilie Collis,Collis,Kaliningrad,31/03/1975
US00244,244,Delmar Sunman,Sunman,Polonne,31/10/1955
US00245,245,Constantine Bucknill,Bucknill,Planaltina,26/06/2003
US00246,246,Elsi Kinny,Kinny,Jōetsu,13/05/2017
US00247,247,Reinhard Dungey,Dungey,Namikupa,23/06/1950
US00248,248,Jerrylee Clerc,Clerc,Barobo,27/04/1992
US00249,249,Jerad Tilly,Tilly,Juntas,22/04/1971
US00250,250,Iggie Chatelet,Chatelet,Grabica,18/09/2019
US00251,251,Edsel Doorbar,Doorbar,Yunping,28/11/1974
US00252,252,Tobias Emmanueli,Emmanueli,Fujikawaguchiko,01/11/2010
US00253,253,Mauricio Balch,Balch,Hanghuadian,02/05/1992
US00254,254,Alwin Veltmann,Veltmann,Huanghua,09/05/1998
US00255,255,Bridgette Reck,Reck,Longcheng,30/09/1963
US00256,256,Arin Mapples,Mapples,Nagarakembang,19/10/1981
US00257,257,Clareta Gutcher,Gutcher,Wołczyn,06/06/1977
US00258,258,Huey Raigatt,Raigatt,Santa Lucía,25/08/1998
US00259,259,Ewen Prestwich,Prestwich,Novoukrayinka,17/08/1980
US00260,260,Jimmy Mersh,Mersh,Hulu,18/05/1985
US00261,261,Matthaeus Lambricht,Lambricht,Shicha,17/06/2011
US00262,262,Obie Cholonin,Cholonin,Benešov nad Ploučnicí,15/05/1971
US00263,263,Elinore Hurling,Hurling,Stockholm,16/05/1965
US00264,264,Leeland Costan,Costan,Nordeste,01/10/1967
US00265,265,Isadora Coghlan,Coghlan,Marseille,10/09/1978
US00266,266,Hana Dadson,Dadson,Ḩalḩūl,12/09/2007
US00267,267,Normy Luc,Luc,Nālūt,16/07/1958
US00268,268,Osbourn McCambridge,McCambridge,San Pedro,03/09/2016
US00269,269,Linoel Izac,Izac,Ina,30/11/1958
US00270,270,Chrissie Fayers,Fayers,Barra dos Coqueiros,18/11/1969
US00271,271,Lazar Measen,Measen,København,11/11/2002
US00272,272,Allx Skypp,Skypp,Aguas del Padre,11/09/2002
US00273,273,Ewart Gonsalvez,Gonsalvez,Bigaan,13/08/1993
US00274,274,Elinore Tregiddo,Tregiddo,Catac,12/08/1950
US00275,275,Roseline Morriarty,Morriarty,Grosuplje,18/09/1975
US00276,276,Rochelle Vosper,Vosper,Stockholm,06/12/2013
US00277,277,Clemence Rings,Rings,Novoaltaysk,30/11/1975
US00278,278,Colin Leggin,Leggin,Yongxing Chengguanzhen,25/02/1985
US00279,279,Kathie Flowith,Flowith,Ungheni,24/05/1969
US00280,280,Malissa Dilon,Dilon,Pingdingshan,07/08/2014
US00281,281,Normy Bassom,Bassom,Waiwejak,18/08/1991
US00282,282,Haven Gorman,Gorman,Węgry,20/12/1981
US00283,283,Joeann Staves,Staves,Saint-Germain-en-Laye,23/08/1972
US00284,284,Demetra Calf,Calf,Songshan,03/02/1971
US00285,285,Petunia Lovell,Lovell,Mayenne,03/03/2018
US00286,286,Alexander Gerrish,Gerrish,Lota,22/06/1952
US00287,287,Kristos Matthieson,Matthieson,Boyeros,24/02/1992
US00288,288,Priscella Spiring,Spiring,Labrang,01/04/1989
US00289,289,Corrine St Ledger,St Ledger,Spring,03/04/1991
US00290,290,Reta Mundford,Mundford,20 de Noviembre,02/12/1962
US00291,291,Brittney Trustram,Trustram,Naftalan,24/08/1979
US00292,292,Dewie Ellerman,Ellerman,Calango,21/03/1962
US00293,293,Eddy Maharry,Maharry,Lubu,05/09/2009
US00294,294,Tallulah Carruth,Carruth,Pombas,21/04/2012
US00295,295,Velma Trank,Trank,Tandou,01/08/2008
US00296,296,Lark Gherarducci,Gherarducci,Batallas,03/05/1984
US00297,297,Sella Arnolds,Arnolds,Canhestros,19/11/1999
US00298,298,Pattin Catlette,Catlette,Saldanha,28/12/2015
US00299,299,Kaela Parfett,Parfett,Maringá,29/01/2019
US00300,300,Queenie Growcock,Growcock,Tuburan,11/08/1984
US00301,301,Malynda Bhar,Bhar,'s-Hertogenbosch,25/03/1954
US00302,302,Wilone Strank,Strank,Khanāşir,03/11/1958
US00303,303,Fairfax Emmitt,Emmitt,Zagoryanskiy,28/05/1979
US00304,304,Terza Castiglione,Castiglione,Boco,29/04/2016
US00305,305,Bridgette Guiraud,Guiraud,Cuauhtemoc,17/01/1999
US00306,306,Ettore Girardot,Girardot,Tevriz,21/05/1967
US00307,307,Ulrika Charlon,Charlon,Remscheid,08/01/1965
US00308,308,Kristo Thunnercliffe,Thunnercliffe,Teupasenti,25/11/1953
US00309,309,Goran Pill,Pill,Sacramento,25/05/1982
US00310,310,Aurore Drinkhill,Drinkhill,Mātli,30/07/1964
US00311,311,Evania Haslam,Haslam,Taichung,05/07/2015
US00312,312,Eadith Mathelin,Mathelin,Gelin,20/11/2003
US00313,313,Gianina Scolding,Scolding,Spirit River,21/12/1950
US00314,314,Kenon Sisley,Sisley,Miguel Hidalgo,28/12/2004
US00315,315,Franciskus Dunkerk,Dunkerk,Oyam,28/08/2011
US00316,316,Mateo Pieracci,Pieracci,Sharga,29/03/1954
US00317,317,Hyacinthie Cadany,Cadany,Lipka,24/01/1975
US00318,318,Allx Tite,Tite,Liushui,20/01/1996
US00319,319,Bent Washbrook,Washbrook,Ilihan,21/06/1975
US00320,320,Conrade Middis,Middis,Gosë e Madhe,16/11/1954
US00321,321,Salvidor Slide,Slide,Montes Claros,20/03/1994
US00322,322,Devland Dumbarton,Dumbarton,Nāgarpur,22/04/1965
US00323,323,Gisella Oseland,Oseland,Diez de Octubre,29/06/1998
US00324,324,Adelheid Felipe,Felipe,Mo I Rana,09/06/2020
US00325,325,Roddie Jirsa,Jirsa,Salzburg,17/07/1992
US00326,326,Maybelle Wolvey,Wolvey,Buenos Aires,24/08/1995
US00327,327,Freeman Corbyn,Corbyn,Krasnogorsk,16/03/2018
US00328,328,Bobby Redington,Redington,Naranjal,19/10/1991
US00329,329,Sebastiano Meir,Meir,Laranganglintong,26/07/1993
US00330,330,Rici Fewings,Fewings,Qusar,31/05/1971
US00331,331,Daffi Hawes,Hawes,Gizo,30/01/2009
US00332,332,Brietta De Hooch,De Hooch,Loyola,07/04/1962
US00333,333,Bernadette Baigrie,Baigrie,Matatiele,14/09/1985
US00334,334,Cristen Goacher,Goacher,Tiebiancheng,17/06/1958
US00335,335,Sayer Antrim,Antrim,Ukrainka,23/06/1995
US00336,336,Vergil Denley,Denley,Synya,17/02/2020
US00337,337,Tamar Ellson,Ellson,Saint-Gratien,07/03/1999
US00338,338,Rossy Ruberti,Ruberti,Villa Yapacaní,24/07/2001
US00339,339,Jeff O' Mara,O' Mara,Staré Hradiště,25/04/1986
US00340,340,Ingaborg Downing,Downing,Alegrete,04/12/2012
US00341,341,Margaretha Kinsett,Kinsett,Boticas,24/02/2016
US00342,342,Lyman Nelissen,Nelissen,Sant Cugat Del Valles,13/07/2011
US00343,343,Dev Crippin,Crippin,James Craik,08/09/1954
US00344,344,Leonore Huygen,Huygen,Wonoharjo,23/05/2011
US00345,345,Babita Assur,Assur,Kut Chum,23/12/1999
US00346,346,Kitty Pinfold,Pinfold,Jikamshi,07/09/1960
US00347,347,Alena Remington,Remington,Antas,02/08/1975
US00348,348,Lela Thiolier,Thiolier,Xianghua,09/08/1973
US00349,349,Nestor Waistell,Waistell,San Juan de los Morros,01/09/1992
US00350,350,Zola Lune,Lune,Ust’-Omchug,04/09/1976
US00351,351,Benedetta Jellings,Jellings,Qianpai,24/08/2015
US00352,352,Rufus Trenbay,Trenbay,Hägersten,16/11/1960
US00353,353,Phyllys Feaver,Feaver,West End,10/12/2014
US00354,354,Wynne Giblett,Giblett,Camplong,16/10/1971
US00355,355,Jarib Ajean,Ajean,Tabu,09/12/1983
US00356,356,Judd Beet,Beet,Ivanishchi,22/03/2000
US00357,357,Oswald Arnholtz,Arnholtz,Petrich,07/01/2010
US00358,358,Isaac Pheasey,Pheasey,Agrela,30/05/1978
US00359,359,Cindee Capun,Capun,Marks,13/06/2012
US00360,360,Prue Geke,Geke,Chambéry,04/09/2018
US00361,361,Casey Oakenford,Oakenford,Hamburg,16/10/2012
US00362,362,Skyler Ivshin,Ivshin,Yunlong,28/07/1973
US00363,363,Cristy Kidman,Kidman,Carumas,20/12/2000
US00364,364,Renate Huggens,Huggens,Göteborg,30/10/1971
US00365,365,Cleon Hodge,Hodge,Tuanjie,30/08/1970
US00366,366,Randie Ledamun,Ledamun,Chelyabinsk,15/05/2007
US00367,367,Goldina Siddons,Siddons,Xincheng,09/12/2009
US00368,368,Annmaria Harmant,Harmant,Yangsan,22/07/1988
US00369,369,Tatiania Caldera,Caldera,Emiliano Zapata,22/11/1995
US00370,370,Rosanne Canner,Canner,Ngunguru,08/02/1984
US00371,371,Veronique Alibone,Alibone,Murici,29/12/2009
US00372,372,Konrad Berrane,Berrane,Bol,24/03/2009
US00373,373,Beryle Cook,Cook,Ḩawsh ‘Īsá,23/08/1974
US00374,374,Phyllida Ratlee,Ratlee,Kuzhorskaya,04/03/1976
US00375,375,Merci Djorvic,Djorvic,Pristina,18/11/2002
US00376,376,Jania MacDuff,MacDuff,Yunxi,25/06/1957
US00377,377,Renell Whitley,Whitley,Sambonggede,16/05/1963
US00378,378,Kathye Balbeck,Balbeck,Buguruslan,06/12/1993
US00379,379,Didi Freezer,Freezer,Molinos,08/04/1956
US00380,380,Selle Dary,Dary,Kishi,13/07/2019
US00381,381,Monika Deplacido,Deplacido,Santiago de los Caballeros,03/12/1970
US00382,382,Jenilee Lampbrecht,Lampbrecht,Osvaldo Cruz,19/07/1987
US00383,383,Ara Wheatman,Wheatman,Macaíba,29/03/2005
US00384,384,Delmar Bettaney,Bettaney,Los Rastrojos,16/08/2011
US00385,385,Sue De Brett,De Brett,Ménaka,06/08/2007
US00386,386,Shurlocke Davidovits,Davidovits,Buriwutung,21/11/1976
US00387,387,Brigit Wace,Wace,Phra Yuen,29/07/1972
US00388,388,Quintilla Vlasov,Vlasov,Gualeguay,03/12/1988
US00389,389,Bette-ann McShirie,McShirie,Potiskum,05/01/1983
US00390,390,Ariella Bougen,Bougen,Honolulu,02/01/1971
US00391,391,Noe Ivachyov,Ivachyov,Kouvarás,02/11/1954
US00392,392,Jillie Paulig,Paulig,Skoura,11/05/1961
US00393,393,Jozef Gueste,Gueste,Pinghu,04/10/1995
US00394,394,Niko Feaveer,Feaveer,Jingzhou,14/08/1977
US00395,395,Ware Lansley,Lansley,Vicente Guerrero,11/05/1970
US00396,396,Van Boud,Boud,Salaš Crnobarski,08/10/1967
US00397,397,Mart Neles,Neles,Sugihmukti,14/03/2019
US00398,398,Rickey McCleod,McCleod,Mar’’ina Horka,27/10/1974
US00399,399,Evaleen Climance,Climance,Ghauspur,15/11/1969
US00400,400,Emanuel Freegard,Freegard,Kadusirung Hilir,06/01/2018
US00401,401,Joellyn Abbitt,Abbitt,Santa Lucia,08/09/1955
US00402,402,Lauraine Craigg,Craigg,Åtvidaberg,15/08/2019
US00403,403,Rory Bratt,Bratt,Pailitas,12/08/2012
US00404,404,Yorgo Leyshon,Leyshon,Quixadá,01/12/2012
US00405,405,Tracie Franies,Franies,Gowa,08/10/1983
US00406,406,Colet Lambswood,Lambswood,Thomastown,03/01/1997
US00407,407,Gaspard Croney,Croney,Darong,18/04/1980
US00408,408,Annetta Poller,Poller,Mulifanua,21/02/1989
US00409,409,Amata Grabiec,Grabiec,Zhangcun,20/09/1952
US00410,410,Paddie Lazare,Lazare,Baoxia,28/01/1992
US00411,411,Kenna Dobie,Dobie,Jarabacoa,03/02/1965
US00412,412,Dylan Goretti,Goretti,Letuyi,23/03/1974
US00413,413,Lucila MacKall,MacKall,Daveluyville,13/05/1956
US00414,414,Loella Esp,Esp,Luodong,28/07/1993
US00415,415,Daloris Steeples,Steeples,Unaí,29/03/1981
US00416,416,Esther Hulstrom,Hulstrom,Torslanda,27/06/1972
US00417,417,Pansy Doul,Doul,Almenara,02/09/1957
US00418,418,Hartwell Vynarde,Vynarde,Senahú,11/03/2003
US00419,419,Venita Crooke,Crooke,Tanjungrejo Lor,11/03/1998
US00420,420,Frankie Standish-Brooks,Standish-Brooks,Topeka,17/11/1990
US00421,421,Kariotta Aberkirder,Aberkirder,Simod,17/11/1972
US00422,422,Addia Raith,Raith,Sindangsari,16/07/1973
US00423,423,Karolina Avramchik,Avramchik,Khānaqāh,19/06/1959
US00424,424,Karel Billing,Billing,Ordos,17/02/1987
US00425,425,Theo Hearfield,Hearfield,Guchang,08/02/1955
US00426,426,Marcello Loveman,Loveman,Lindome,19/04/1997
US00427,427,Theo Twatt,Twatt,Zhongshangang,22/03/1975
US00428,428,Nichole Emerson,Emerson,Ehen Hudag,22/01/1955
US00429,429,Iggie Cuniam,Cuniam,Bosobolo,16/01/2009
US00430,430,Estele Tolcher,Tolcher,Pingpo,31/03/1976
US00431,431,Sashenka Sancroft,Sancroft,Huayuan,09/01/1978
US00432,432,Arnie Brinicombe,Brinicombe,Sélestat,14/08/2000
US00433,433,Alistair Pennone,Pennone,Sundre,25/11/1990
US00434,434,Elissa Tricker,Tricker,Lesozavodsk,06/03/1987
US00435,435,Lucius Bennett,Bennett,Carregueira,01/06/2016
US00436,436,Jose Rilston,Rilston,Montélimar,21/06/1974
US00437,437,Natalya Bompas,Bompas,Nyanga,24/10/2018
US00438,438,Elroy Titley,Titley,Cikijing,22/04/1992
US00439,439,Siana Rowlson,Rowlson,Jiaze,20/08/2017
US00440,440,Vivia Poleykett,Poleykett,Niafunké,05/01/1968
US00441,441,Doloritas Musicka,Musicka,Kisii,18/01/1967
US00442,442,Charlean Tims,Tims,Aizkraukle,22/09/1957
US00443,443,Buffy Goldsworthy,Goldsworthy,Shizunai-furukawachō,10/12/2017
US00444,444,Jacenta Matzeitis,Matzeitis,Dongbang,30/01/2020
US00445,445,Rori Lock,Lock,A dos Cunhados,18/09/2005
US00446,446,Gilda Shoebridge,Shoebridge,Verba,19/03/2005
US00447,447,Jayme Stanfield,Stanfield,Los Pinos,29/09/2011
US00448,448,Marcellina Feldmark,Feldmark,Lyon,16/05/1983
US00449,449,Fulton Fugere,Fugere,Gbarnga,07/11/1976
US00450,450,Lotte Dudenie,Dudenie,Tsyelyakhany,04/04/1975
US00451,451,Shelli FitzAlan,FitzAlan,Burnaby,30/09/1962
US00452,452,Ulrike Stallion,Stallion,Borok,06/04/1959
US00453,453,Stacie Brandone,Brandone,Pinhal de Frades,10/11/1979
US00454,454,Brannon Haggart,Haggart,Hrabyně,29/08/1955
US00455,455,Neddie Frary,Frary,Kokemäki,02/03/1986
US00456,456,Rafe Strutt,Strutt,Yeyik,09/02/1979
US00457,457,Correy Thoumas,Thoumas,Nauchnyy Gorodok,28/06/2016
US00458,458,Sutherlan Garlette,Garlette,Santa Teresa,05/09/1960
US00459,459,Jo-anne Pettis,Pettis,Yuejin,03/11/1956
US00460,460,Brien Greet,Greet,Yenakiyeve,31/07/1985
US00461,461,Gris Litzmann,Litzmann,Baxiangshan,16/01/2006
US00462,462,Hamid Leitch,Leitch,Hengshi,16/12/1962
US00463,463,Berton Craker,Craker,Doong,04/12/1953
US00464,464,Star Seabon,Seabon,Melita,01/04/2019
US00465,465,Morley Rewbottom,Rewbottom,Dal’neye Konstantinovo,12/03/1969
US00466,466,Joell Nano,Nano,Daze,18/08/1961
US00467,467,Doug Renak,Renak,Klenčí pod Čerchovem,13/11/1955
US00468,468,Caria Hellwich,Hellwich,Macau,15/09/2014
US00469,469,Halli Britton,Britton,São João del Rei,11/03/1978
US00470,470,Darren Eves,Eves,San Antonio,14/04/2017
US00471,471,Tootsie Judge,Judge,Az̧ Z̧a‘āyin,10/05/2014
US00472,472,Colan Guilford,Guilford,Cikulahan,13/08/1977
US00473,473,Cathee Ricardot,Ricardot,Chīchāwatni,04/10/1966
US00474,474,Fonz Barribal,Barribal,Saint-Félicien,23/07/1981
US00475,475,Donella Longbottom,Longbottom,Foz do Arelho,05/08/2006
US00476,476,Eileen Suller,Suller,Sankeng,29/04/1999
US00477,477,Arri Castillon,Castillon,Paris 11,24/12/2012
US00478,478,Kimmy Marquis,Marquis,Mungkin,19/03/1972
US00479,479,Kelcy Bannister,Bannister,Klippan,24/12/1960
US00480,480,Natalina Sammut,Sammut,Haihui,30/12/2007
US00481,481,Cammy Penniell,Penniell,Liangnong,08/09/1978
US00482,482,Liam Elmhurst,Elmhurst,Quebrada de Arena,11/08/1986
US00483,483,Drugi Fawcitt,Fawcitt,Añatuya,09/09/1983
US00484,484,Una Whapham,Whapham,Xishui,29/09/2010
US00485,485,Evy Juster,Juster,Sakata,14/07/1994
US00486,486,Matthaeus Leachman,Leachman,Jingzhou,22/02/1958
US00487,487,Inga McGinlay,McGinlay,Propriá,22/03/1993
US00488,488,Harry Torrecilla,Torrecilla,Hermosa,30/01/2006
US00489,489,Dredi Coverley,Coverley,Nūrābād,05/12/1964
US00490,490,Bibi Rothon,Rothon,Opatów,15/12/2010
US00491,491,Dolf Pottes,Pottes,Yangshufang,19/02/1983
US00492,492,Hersch Adolphine,Adolphine,Muranovo,29/07/1984
US00493,493,Loella Spurling,Spurling,Manadhoo,19/05/1955
US00494,494,Antoine Kristoffersson,Kristoffersson,Nova Granada,07/09/2004
US00495,495,Omar Huskinson,Huskinson,Filiátes,22/02/1999
US00496,496,Kerk Greenstreet,Greenstreet,Vavozh,22/06/1989
US00497,497,Wheeler Leggan,Leggan,El Colorado,01/02/1975
US00498,498,Karlens Huws,Huws,La Victoria,02/01/2008
US00499,499,Shandee Lamputt,Lamputt,Paris 13,18/07/1968
US00500,500,Sawyere Craghead,Craghead,Kočevje,28/11/1960
US00501,501,Myrtice Brant,Brant,Ōita,06/07/1974
US00502,502,Cal Charlo,Charlo,Litian,22/03/2006
US00503,503,Wilfrid Billison,Billison,Pushkino,06/04/1966
US00504,504,Christos Holdworth,Holdworth,Gongji,26/08/1988
US00505,505,Boycie Wingham,Wingham,Zhishan,06/01/1963
US00506,506,Edmund Martinson,Martinson,A-da-Gorda,19/06/1950
US00507,507,Glenn Crosse,Crosse,Luzhuangzi,25/11/1962
US00508,508,Esdras Waltering,Waltering,Saverne,13/09/1985
US00509,509,Arnie Gecke,Gecke,Karangora,17/12/2013
US00510,510,Vickie Robberts,Robberts,Sironko,05/04/1981
US00511,511,Deirdre Waszkiewicz,Waszkiewicz,Halteu,23/01/2001
US00512,512,Giraud Duetsche,Duetsche,Lukićevo,03/01/1967
US00513,513,Rey Bonellie,Bonellie,Sampués,02/01/1953
US00514,514,Dennie Beviss,Beviss,Passo,08/12/1962
US00515,515,Rhoda Ratke,Ratke,Itatinga,10/08/1992
US00516,516,Vaughan Bourgour,Bourgour,Larache,08/08/1993
US00517,517,Devi Chasmor,Chasmor,Karangboyo,28/12/1961
US00518,518,Raleigh Hards,Hards,Sainte-Anne-des-Monts,22/02/1972
US00519,519,Brion Simenel,Simenel,Tangxi,15/09/1973
US00520,520,Brietta Aish,Aish,Rosebank,28/05/1996
US00521,521,Towny Bream,Bream,Kelowna,14/09/1961
US00522,522,Caro Sarginson,Sarginson,Vilarinho da Castanheira,14/07/2015
US00523,523,Vivianne Dulake,Dulake,Shazhuang,29/02/2008
US00524,524,Lynnelle Carnduff,Carnduff,Upton,28/04/1955
US00525,525,Juliane Bantock,Bantock,Esperanza,24/12/1990
US00526,526,Merrel Vassie,Vassie,Ivanivka,16/04/1976
US00527,527,Thorstein Franssen,Franssen,Cihe,20/03/2002
US00528,528,Frederich Binestead,Binestead,Mencon,11/05/1952
US00529,529,Hedvige Gudeman,Gudeman,Không,10/12/1963
US00530,530,Hewe Petraitis,Petraitis,Lundo,12/08/1953
US00531,531,Maren Tellett,Tellett,San Juan Pueblo,10/09/2003
US00532,532,Isaiah Tewes,Tewes,Kannabechō-yahiro,14/10/1963
US00533,533,Nigel Mouncey,Mouncey,Tver,02/08/2004
US00534,534,Gene Merton,Merton,Batas Barat,30/12/2011
US00535,535,Lelah Duran,Duran,Nowy Dwór Gdański,11/02/1955
US00536,536,Darryl Hanney,Hanney,Jelcz,31/01/2013
US00537,537,Kassi Bouda,Bouda,Maastricht,04/08/2012
US00538,538,Anet Crosher,Crosher,Pondokwungu,26/09/1968
US00539,539,Dede Griffithe,Griffithe,Conel,18/01/1990
US00540,540,Constantine Riches,Riches,Aūa,18/10/1961
US00541,541,Abeu Orring,Orring,Santiago,14/02/1986
US00542,542,Derby Willshaw,Willshaw,Thiais,14/03/1979
US00543,543,Harrietta Ayling,Ayling,Kolomyya,12/04/2019
US00544,544,Grethel Gallienne,Gallienne,Ternopil’,20/12/1974
US00545,545,Celine Chrisp,Chrisp,Natonin,16/12/2000
US00546,546,Mickie McKerron,McKerron,Cergy-Pontoise,10/06/2001
US00547,547,Carita Sherred,Sherred,San Antonio,19/05/2019
US00548,548,Scotty Portail,Portail,Chişinău,13/11/2004
US00549,549,Ines Scare,Scare,Damayan,16/01/1988
US00550,550,Skipton Blaszkiewicz,Blaszkiewicz,Sundumbili,05/01/1984
US00551,551,Beauregard Dorant,Dorant,Omaruru,31/01/2017
US00552,552,Nappy Want,Want,Fuxing,21/02/1981
US00553,553,Sandy Balstone,Balstone,Zhengchang,11/10/2016
US00554,554,Skelly Ganter,Ganter,Miguel Hidalgo,18/11/1985
US00555,555,Ulrica Rabson,Rabson,Pangian,01/12/1989
US00556,556,Chastity Darque,Darque,Suwon-si,25/11/1980
US00557,557,Quint Songest,Songest,Agodim,16/07/1968
US00558,558,Bard Isted,Isted,Helixi,28/02/2017
US00559,559,Mercy Peschka,Peschka,Saint Helier,23/07/2008
US00560,560,Carce Bisacre,Bisacre,Stąporków,03/02/1965
US00561,561,Herve Ubanks,Ubanks,Uva,13/03/1970
US00562,562,Shir Allenby,Allenby,Żabia Wola,03/06/1985
US00563,563,Urson Yeowell,Yeowell,Vân Canh,11/11/1979
US00564,564,Elvin MacBey,MacBey,Calapan,27/10/1981
US00565,565,Jacinda Leyman,Leyman,Tongyuanpu,20/02/1989
US00566,566,Angele Croy,Croy,Kaset Wisai,18/10/1967
US00567,567,Brigid Rickarsey,Rickarsey,Magomeni,23/06/1999
US00568,568,Jordain Worstall,Worstall,Kemijärvi,12/01/1994
US00569,569,Twyla Bass,Bass,Simões Filho,02/11/1996
US00570,570,Blayne Twomey,Twomey,Alupay,10/09/1990
US00571,571,Wallis Kaman,Kaman,Hengshan,05/06/2005
US00572,572,Teodorico Saphin,Saphin,Tafraout,14/03/2004
US00573,573,Gianni Fontaine,Fontaine,Caromatan,19/10/1955
US00574,574,Kipp Helleker,Helleker,Alangalang,23/07/1991
US00575,575,Odelinda Rankine,Rankine,Behbahān,05/09/1959
US00576,576,Irvine Sproul,Sproul,Palkino,31/10/2013
US00577,577,Hedda Whatham,Whatham,Banjarbaru,18/09/1957
US00578,578,Shermy Dallemore,Dallemore,Maguan,10/11/1958
US00579,579,Siegfried Mobley,Mobley,Aţ Ţafīlah,28/06/1996
US00580,580,Gisela Olivetti,Olivetti,Shitang,20/02/1973
US00581,581,Gustave McConnell,McConnell,Gandapura,17/03/1981
US00582,582,Linette Pickersail,Pickersail,El Limon,06/11/1991
US00583,583,Karoline Robak,Robak,Avignon,20/03/1970
US00584,584,Kalie Metzig,Metzig,Fengxizhai,27/12/1967
US00585,585,Gardie Kem,Kem,Wengtian,15/07/1991
US00586,586,Caresse McKinstry,McKinstry,Muurla,02/06/1951
US00587,587,Doretta Brunnstein,Brunnstein,Peruc,18/08/2007
US00588,588,Stepha Lange,Lange,Nantuo,15/09/1950
US00589,589,Aurthur Imlen,Imlen,Krivodanovka,06/10/1955
US00590,590,Delainey Penning,Penning,Wuxing,12/06/2009
US00591,591,Marjorie Cattach,Cattach,Weichanglu,29/04/1994
US00592,592,Roman Newcome,Newcome,Lewoeleng,16/10/1986
US00593,593,Lief Jenken,Jenken,Sinop,29/08/1983
US00594,594,Adams Russell,Russell,Parung,22/10/2002
US00595,595,Oralla Jeanenet,Jeanenet,Camajuaní,17/08/1972
US00596,596,Querida Brodeau,Brodeau,Martyush,17/05/1981
US00597,597,Mervin Porte,Porte,Chumphon Buri,15/05/1966
US00598,598,Belvia Jozefczak,Jozefczak,Nikolo-Pavlovskoye,04/09/2012
US00599,599,Nerissa McClay,McClay,Nangong,11/10/2015
US00600,600,Egon Anselmi,Anselmi,Tandayag,22/11/2000
US00601,601,Bryanty Neubigin,Neubigin,Baumata,26/11/1989
US00602,602,Ambrose Meadmore,Meadmore,Nashville,20/09/2008
US00603,603,Brynn Mackerness,Mackerness,Pananaw,05/01/1972
US00604,604,Deonne Dalgliesh,Dalgliesh,Jaguarão,17/04/1960
US00605,605,Quentin Cotgrove,Cotgrove,Järna,09/12/2012
US00606,606,Benny Lammerts,Lammerts,Yanbei,14/03/1962
US00607,607,Myron Willbourne,Willbourne,Tromsø,23/03/2014
US00608,608,Maryjo McDonald,McDonald,Riah,06/11/1981
US00609,609,Baxie Tansley,Tansley,Velika Kladuša,03/09/1986
US00610,610,Ellynn Furmenger,Furmenger,Saint-Jérôme,28/04/2015
US00611,611,Ezri Usher,Usher,Talok,23/06/2003
US00612,612,Salem Di Carlo,Di Carlo,Bayanan,01/11/1975
US00613,613,Marj Bockman,Bockman,Jalālābād,10/03/1952
US00614,614,Deane Deetch,Deetch,Jianxin,07/06/2009
US00615,615,Darsey Tarburn,Tarburn,Ręczno,29/08/1992
US00616,616,Belicia Pink,Pink,Concepción,31/03/2006
US00617,617,Etti Vedyashkin,Vedyashkin,Šentvid pri Stični,10/03/1999
US00618,618,Harwell Fillary,Fillary,Wobulenzi,18/12/1956
US00619,619,Gian Donovin,Donovin,Teslić,31/12/1951
US00620,620,Mara Bernholt,Bernholt,Del Monte,05/01/2014
US00621,621,Nero Pogg,Pogg,København,08/12/1995
US00622,622,Inness Emmer,Emmer,Aldergrove,28/05/1982
US00623,623,Honor Vernau,Vernau,Masis,06/10/1968
US00624,624,Cissy Waadenburg,Waadenburg,Santa Rosa de Aguán,19/07/1967
US00625,625,Prentice Hembling,Hembling,Phú Mỹ,29/11/1954
US00626,626,Hynda McCreedy,McCreedy,Kalangsari,04/04/1990
US00627,627,Conrade Jessel,Jessel,Jianshan,12/05/2010
US00628,628,Ursulina Werner,Werner,Skibbereen,14/08/1954
US00629,629,Eran O'Duane,O'Duane,Guanchi,13/02/1966
US00630,630,Ramon Winning,Winning,Pozo Hondo,09/08/1989
US00631,631,Emelina Wilsher,Wilsher,Olonets,31/03/1962
US00632,632,Brion Massei,Massei,Lavradio,20/05/1984
US00633,633,Dunstan Gann,Gann,La Francia,05/11/2009
US00634,634,Bronson Chrstine,Chrstine,Louisville,29/03/1991
US00635,635,Gratia Dyter,Dyter,Best,11/12/1976
US00636,636,Chickie Audas,Audas,Sanxi,30/05/1963
US00637,637,Melina Orro,Orro,Tamanan,27/05/2018
US00638,638,Ingeberg Ruvel,Ruvel,São João da Boa Vista,30/11/1956
US00639,639,Ethelyn Heaselgrave,Heaselgrave,Sainte-Sophie,27/05/2008
US00640,640,Merrili Twinterman,Twinterman,Ārifwāla,04/06/1965
US00641,641,Shane Esselin,Esselin,Tomdibuloq,10/04/1989
US00642,642,Theresa Poone,Poone,Bamenda,24/08/1950
US00643,643,Laurie Rothert,Rothert,Curitibanos,04/04/1999
US00644,644,Reuven Donizeau,Donizeau,Cuogang,04/09/1957
US00645,645,Saleem Riddett,Riddett,Tangdong,28/08/2002
US00646,646,Urbano Santer,Santer,Ludu,17/12/2019
US00647,647,Phineas Cogswell,Cogswell,Waru,20/09/1952
US00648,648,Reade Baxter,Baxter,San José de Bocay,10/06/1993
US00649,649,Avrom Javes,Javes,São Luís de Montes Belos,26/11/1976
US00650,650,Trstram Jambrozek,Jambrozek,Tuchów,21/03/1999
US00651,651,Pietrek Argue,Argue,Harrison,11/08/1963
US00652,652,Biddy Boar,Boar,Lubin,03/01/1955
US00653,653,Etti Langley,Langley,Torrão,03/11/1964
US00654,654,Hakeem Barfitt,Barfitt,Skövde,03/03/2004
US00655,655,Georgetta Rowney,Rowney,Visby,19/11/1971
US00656,656,Alexandro Cresswell,Cresswell,Mīr Bachah Kōṯ,12/08/1967
US00657,657,Armstrong Epdell,Epdell,Baofeng,18/11/2011
US00658,658,Nichole Verson,Verson,Notre Dame,08/10/1991
US00659,659,Arvy Dornin,Dornin,Fontainebleau,30/01/2019
US00660,660,Olivie McKall,McKall,Weixin,05/01/1969
US00661,661,Henrieta Carah,Carah,Yangpu,09/02/2013
US00662,662,Tonia Defau,Defau,Atlanta,06/11/2015
US00663,663,Berty Giovannoni,Giovannoni,Linköping,22/08/1959
US00664,664,Correna Bickmore,Bickmore,Ozalj,08/05/2018
US00665,665,Mitchell Cowlin,Cowlin,Laojie,08/10/1959
US00666,666,Vincents Fetteplace,Fetteplace,Talangbetutu,11/08/1969
US00667,667,Alysia Picott,Picott,Estoi,17/11/1977
US00668,668,Rayna Eliasen,Eliasen,Lanigan,04/09/1988
US00669,669,Courtenay Lanphere,Lanphere,Čačinci,27/12/1956
US00670,670,Hi Bartlomiej,Bartlomiej,Palma De Mallorca,30/01/2007
US00671,671,Bogey Letham,Letham,Monte da Chaminé,19/08/1990
US00672,672,Othilie Handscomb,Handscomb,Balyaga,07/07/1977
US00673,673,Randall Challenger,Challenger,Xihongmen,12/12/1997
US00674,674,Felicio Roche,Roche,Tomsk,01/04/1973
US00675,675,Ward Gillino,Gillino,Nakama,16/12/1967
US00676,676,Thekla Seger,Seger,Solna,05/06/2007
US00677,677,Schuyler Patriskson,Patriskson,Peso da Régua,22/04/1956
US00678,678,Cassandra Toun,Toun,Oljoq,25/03/1979
US00679,679,Dicky Entwisle,Entwisle,Lancaster,22/03/1952
US00680,680,Glen Oliva,Oliva,Itapecerica,18/07/1968
US00681,681,Shirlene Shury,Shury,Joroinen,31/07/1965
US00682,682,Talya Enderlein,Enderlein,Utrecht (stad),26/01/1990
US00683,683,Selby Oxley,Oxley,Carvalho,25/11/2008
US00684,684,Rouvin Reddlesden,Reddlesden,Taipingzhuang,11/12/2014
US00685,685,Amara Silverthorn,Silverthorn,Gérakas,10/02/1976
US00686,686,Robb Franz,Franz,Ţūbās,14/04/2009
US00687,687,Garold Salsberg,Salsberg,Cabucgayan,11/01/2008
US00688,688,Meghan Ayerst,Ayerst,Fengting,22/01/1966
US00689,689,Hannie Dymond,Dymond,Tamanan,16/12/1996
US00690,690,Gerhardine Rosi,Rosi,Zhaogezhuang,29/06/1975
US00691,691,Norah Hartland,Hartland,Kahama,21/10/1964
US00692,692,Ariela Trusslove,Trusslove,Honghe,08/04/1970
US00693,693,Ivonne Ramsier,Ramsier,Dzwola,18/12/1984
US00694,694,Vonny Gothliff,Gothliff,Perdões,03/02/1976
US00695,695,Letty Kleanthous,Kleanthous,Seaton,01/07/1962
US00696,696,Karly Tomankowski,Tomankowski,Obubra,07/09/1964
US00697,697,Cindee Padmore,Padmore,Santa Rosa,22/10/1999
US00698,698,Theresina Habbergham,Habbergham,Biñan,16/02/2016
US00699,699,Charin Staker,Staker,Montijo,24/08/1971
US00700,700,Georgie Coulman,Coulman,Curumaní,19/07/1977
US00701,701,Tyler Skeates,Skeates,Cipolletti,27/01/2006
US00702,702,Elsinore Tyreman,Tyreman,Passal,24/10/1996
US00703,703,Carlotta Adiscot,Adiscot,Gogaran,24/06/1951
US00704,704,Ludovico Studd,Studd,Kazimierz Dolny,24/01/1962
US00705,705,Kaiser Caldecot,Caldecot,Tyvriv,30/03/1968
US00706,706,Renaud Gallifont,Gallifont,Cabucgayan,11/09/2000
US00707,707,Gery Tamsett,Tamsett,Wuxiang,12/04/1974
US00708,708,Monroe Dunkirk,Dunkirk,Hanchang,04/01/2009
US00709,709,Sidnee Alchin,Alchin,Maebashi-shi,20/01/1974
US00710,710,Vinnie Matyashev,Matyashev,Semënov,25/10/1998
US00711,711,Rafael Eatock,Eatock,Langgen,06/09/1988
US00712,712,Christine Boggish,Boggish,Sudoměřice,07/12/1973
US00713,713,Broderic Fencott,Fencott,Pindangan Centro,31/07/1956
US00714,714,Candra Olekhov,Olekhov,Emiliano Zapata,29/10/1991
US00715,715,Jyoti Hun,Hun,Goryachevodskiy,18/07/2016
US00716,716,Jerome Amsberger,Amsberger,Karangintan,03/01/1983
US00717,717,Denys Mount,Mount,Pogwizdów,09/08/2009
US00718,718,Nichole Millsap,Millsap,Koran,14/08/1991
US00719,719,Krystyna Picard,Picard,Kangping,26/08/1993
US00720,720,Beulah Plane,Plane,Cajamarca,31/10/2018
US00721,721,Cam Frankis,Frankis,Barubandung,16/03/1972
US00722,722,Shelia Verney,Verney,Zhapu,03/01/1965
US00723,723,Jacintha Paddison,Paddison,Tupã,09/09/1956
US00724,724,Nikos Rosendall,Rosendall,Hanušovice,17/12/2018
US00725,725,Felicle Ilden,Ilden,Xiashuitou,18/01/1980
US00726,726,Quincy Groven,Groven,Santol,30/03/2003
US00727,727,Say Weatherburn,Weatherburn,Neiba,24/08/1969
US00728,728,Orelee Weekly,Weekly,Conde,29/05/1983
US00729,729,Seward Laxston,Laxston,Ngilengan,08/10/1966
US00730,730,Cindi Joint,Joint,Orly,24/10/2014
US00731,731,Angil Marrett,Marrett,Sanli,28/08/1966
US00732,732,Hyatt Cotherill,Cotherill,Xinquan,29/04/1994
US00733,733,Candida Codman,Codman,Lesogorsk,11/08/2013
US00734,734,Sayer Arlott,Arlott,Bulbul,06/12/2000
US00735,735,Ker Chmarny,Chmarny,Ivry-sur-Seine,15/09/1959
US00736,736,Amelia Caulliere,Caulliere,Irirum,09/02/1996
US00737,737,Jameson Filkin,Filkin,Baraguá,21/08/1996
US00738,738,Gill Shaves,Shaves,Topolovgrad,25/10/1980
US00739,739,Camey Gilbody,Gilbody,Tiantai,15/08/1963
US00740,740,Chadwick Canavan,Canavan,Boldumsaz,12/05/1972
US00741,741,Keelia Hanwell,Hanwell,Härnösand,19/02/1968
US00742,742,Clerissa Halstead,Halstead,Fanzhuang,30/07/2016
US00743,743,Maire Millican,Millican,Naperville,10/09/2001
US00744,744,Scotty Champion,Champion,Laban,13/06/1982
US00745,745,Tressa Philliskirk,Philliskirk,Gugut,19/03/1994
US00746,746,Katheryn Luty,Luty,Songfeng,20/11/1993
US00747,747,Grantley Walentynowicz,Walentynowicz,Garden Grove,01/03/1962
US00748,748,Penny Lindop,Lindop,Detroit,23/07/1964
US00749,749,Malanie Aicheson,Aicheson,Lipce Reymontowskie,16/09/2010
US00750,750,Ortensia Gurney,Gurney,Baraba,19/08/2019
US00751,751,Trenton Theml,Theml,Rabaul,03/06/1973
US00752,752,Sandi Perillo,Perillo,Ilinden,27/02/1963
US00753,753,Genna Halfacre,Halfacre,Dubiecko,16/11/1988
US00754,754,Correy Ghidoni,Ghidoni,Lawrenceville,02/07/2003
US00755,755,Arliene Ferrillio,Ferrillio,Vista Hermosa,05/02/1952
US00756,756,Clerissa Marrion,Marrion,Tsirang,16/02/1958
US00757,757,Kyle Klimashevich,Klimashevich,Gayam,12/09/2019
US00758,758,Sybil Evers,Evers,Tinampo,06/11/1991
US00759,759,Nelie Dymoke,Dymoke,Volnovakha,05/07/1991
US00760,760,Clay Weedall,Weedall,Ḩadādah,09/05/2001
US00761,761,Gunilla Carreck,Carreck,Nizhniy Tagil,13/03/1998
US00762,762,Seth Brownjohn,Brownjohn,Emiliano Zapata,18/11/1986
US00763,763,Jillana Freegard,Freegard,Fauske,12/10/1968
US00764,764,Joyann Commings,Commings,Lazaro Cardenas,16/08/2001
US00765,765,Arny Erdely,Erdely,Barengkok,23/07/2002
US00766,766,Ernesta Rawcliffe,Rawcliffe,Camabatela,13/03/1997
US00767,767,Krystal Creak,Creak,Bragança Paulista,15/10/1983
US00768,768,Jaymie Silcox,Silcox,Göteborg,31/03/1960
US00769,769,Guendolen Whatson,Whatson,Panyuran,14/04/1981
US00770,770,Jed Kemmey,Kemmey,Ngaruawahia,15/10/1953
US00771,771,Lilas New,New,Cadiz,24/09/1977
US00772,772,Ianthe Gianasi,Gianasi,São Borja,09/03/1970
US00773,773,Andie Toppin,Toppin,Pardelhas,24/03/2001
US00774,774,Hammad Birchenhead,Birchenhead,Yong’an,22/03/1988
US00775,775,Dilan Meachen,Meachen,Tagbacan Ibaba,12/05/2010
US00776,776,Sly McMychem,McMychem,Veselynove,26/09/1967
US00777,777,Reinald Ratie,Ratie,Zborovice,10/06/1965
US00778,778,Reinald Febre,Febre,Tournai,29/06/1998
US00779,779,Bethena Bolter,Bolter,Tengqiao,26/07/1969
US00780,780,Sydney Pobjay,Pobjay,Harjamukti,18/09/1978
US00781,781,Guthrey Rutigliano,Rutigliano,Marigot,30/07/2007
US00782,782,Katharyn Rumble,Rumble,Aurora,14/03/2004
US00783,783,Inness Byart,Byart,Mandera,05/05/1972
US00784,784,Carson Boddie,Boddie,Lucban,02/06/2014
US00785,785,Marylinda Goodbar,Goodbar,Pivovarikha,04/08/2004
US00786,786,Meryl Coppins,Coppins,Kalinovo,24/03/1967
US00787,787,Marmaduke Demange,Demange,Lokot’,24/11/1993
US00788,788,Charleen Hanselmann,Hanselmann,Asino,09/08/2015
US00789,789,Maison Symcoxe,Symcoxe,Węgry,28/10/2008
US00790,790,Jasen Lantry,Lantry,Bukovany,07/05/1973
US00791,791,Yehudit Kindle,Kindle,Jingzhou,24/04/1971
US00792,792,Lianna Bakey,Bakey,Plakhtiyivka,28/02/1969
US00793,793,Padget Skpsey,Skpsey,Chixi,30/04/1965
US00794,794,Pepita Loren,Loren,'s-Hertogenbosch,27/12/2009
US00795,795,Tracy Northcote,Northcote,Nagiba,12/10/1978
US00796,796,Augusto Alwen,Alwen,Koudougou,30/09/1962
US00797,797,Yorgo Vizor,Vizor,Arras,06/07/1981
US00798,798,Liam Wildey,Wildey,Tyresö,27/05/1986
US00799,799,Yard Fruchter,Fruchter,Portland,14/03/2006
US00800,800,Gawen Barden,Barden,Kegeyli Shahar,25/05/1956
US00801,801,Andra Worssam,Worssam,Grazhdanka,21/06/1981
US00802,802,Friedrick De Matteis,De Matteis,Taivalkoski,03/02/2013
US00803,803,Kessiah Harland,Harland,Laocheng,28/02/1969
US00804,804,Kara-lynn Pearn,Pearn,Yaogou,19/07/1961
US00805,805,Ewen Markwick,Markwick,Tangpu,13/09/1992
US00806,806,Lesli Carley,Carley,Sagarejo,27/04/1955
US00807,807,Alta Coldicott,Coldicott,Pingba,09/04/1973
US00808,808,Pier Tourle,Tourle,Luwingu,26/04/2006
US00809,809,Hestia Orsman,Orsman,Loei,07/11/1970
US00810,810,Carma MacCheyne,MacCheyne,Fria,18/04/2020
US00811,811,Gawain Aberhart,Aberhart,Comapa,24/09/1994
US00812,812,Hermia McMillam,McMillam,La Montañita,01/05/1993
US00813,813,Lolly Gippes,Gippes,Arroyo Salado,05/08/2002
US00814,814,Bertrand Le Marquand,Le Marquand,Jitan,02/11/1965
US00815,815,Monica Kyrkeman,Kyrkeman,Tungol,12/05/1965
US00816,816,Austin Lutwidge,Lutwidge,Tutup,16/05/1993
US00817,817,Laverna Ravenhills,Ravenhills,Oefatu,11/04/2003
US00818,818,Cariotta Smeal,Smeal,Xinmen,12/08/1973
US00819,819,Sydney McGettigan,McGettigan,Shah Alam,07/04/1980
US00820,820,Delbert Yarn,Yarn,Parang,17/04/1982
US00821,821,Thornie Jagielski,Jagielski,Nguigmi,06/02/2009
US00822,822,Shandy Bonar,Bonar,Dehī,18/05/1953
US00823,823,Amata Whild,Whild,Houping,30/01/1954
US00824,824,Rosamund Carlon,Carlon,Paris La Défense,03/05/2020
US00825,825,Layton Blesli,Blesli,Đình Lập,01/08/2014
US00826,826,Eolanda Ramsell,Ramsell,Aldeia da Bela Vista,21/01/1964
US00827,827,Fairlie Vasnetsov,Vasnetsov,Brive-la-Gaillarde,26/10/1992
US00828,828,Storm Jerrand,Jerrand,Hobonio,02/03/1987
US00829,829,Netty Garfit,Garfit,La Francia,14/01/1964
US00830,830,Tanner Beetles,Beetles,Xinli,26/02/1998
US00831,831,Gannie Polsin,Polsin,Alepoú,21/05/2016
US00832,832,Corrinne Jobbins,Jobbins,Río Limpio,26/09/1986
US00833,833,Carolee Vasler,Vasler,Hexi,05/03/1998
US00834,834,Brod Vallerine,Vallerine,Ipís,20/04/2008
US00835,835,Kahaleel Weare,Weare,Неготино,16/02/1988
US00836,836,Merrick Pykerman,Pykerman,Samur,23/05/1966
US00837,837,Modestine Possell,Possell,Domampot,03/06/1956
US00838,838,Dorine Fishpoole,Fishpoole,Tongqian,03/06/1958
US00839,839,Meghan Westnage,Westnage,Springfield,13/07/2010
US00840,840,Rog Domelaw,Domelaw,Manturovo,10/04/2003
US00841,841,Gaspar Balsdon,Balsdon,Shuizhai,23/08/2008
US00842,842,Evelyn Humpherston,Humpherston,Cabadiangan,09/12/1963
US00843,843,Tilly Shaw,Shaw,Yuktae-dong,17/06/1994
US00844,844,Patrick Stroyan,Stroyan,Makata,30/09/1979
US00845,845,Robinet De Carteret,De Carteret,Ngangpo,02/10/1980
US00846,846,Florrie Lecount,Lecount,Kuching,16/09/1951
US00847,847,Cole Wormald,Wormald,Mesógi,23/03/2006
US00848,848,Ernesto Lecordier,Lecordier,Jince,22/05/1999
US00849,849,Quincey Berrington,Berrington,Curuzú Cuatiá,18/04/1969
US00850,850,Timmy Gainforth,Gainforth,Kovači,08/07/2001
US00851,851,Phylys Signe,Signe,Molo,22/06/1994
US00852,852,Kris Mordanti,Mordanti,Sidem,16/10/2015
US00853,853,Cyrille Edmunds,Edmunds,Yong’an,16/04/1962
US00854,854,Roseanna Tomaselli,Tomaselli,Outeiro,21/05/1993
US00855,855,Wake Divis,Divis,Estância,04/03/2015
US00856,856,Humphrey Fairburn,Fairburn,Arras,30/11/1970
US00857,857,Edouard Barltrop,Barltrop,Jampang Tengah,01/04/1999
US00858,858,Lefty Pepperell,Pepperell,Vaiusu,07/09/1953
US00859,859,Giulio Saban,Saban,Huanggexi,05/08/1961
US00860,860,Norean Sydry,Sydry,Bayasgalant,05/01/1976
US00861,861,Shelby Chetwynd,Chetwynd,Bang Phae,26/06/1953
US00862,862,Haley Hubberstey,Hubberstey,Yelizavetinskaya,14/05/2018
US00863,863,Cherice Stallen,Stallen,Mjölby,19/02/2006
US00864,864,Anabal Hould,Hould,Thulamahashi,06/08/1961
US00865,865,Rory Guillotin,Guillotin,Cisiec,20/07/1950
US00866,866,Cash Ife,Ife,Humniska,12/05/2010
US00867,867,Andee Reape,Reape,Huanghuatan,26/09/2004
US00868,868,Bev Gregorio,Gregorio,Yūki,02/12/2002
US00869,869,Dot Clemmow,Clemmow,Ludgeřovice,02/06/1978
US00870,870,Kai Audiss,Audiss,San Juan,24/06/2007
US00871,871,Toiboid Jeduch,Jeduch,Cangqian,19/03/1956
US00872,872,Osbourne Ulyatt,Ulyatt,North Vancouver,12/02/1980
US00873,873,Haily Furtado,Furtado,Haokou,24/07/1982
US00874,874,Harlan Apthorpe,Apthorpe,Duboka,21/11/1990
US00875,875,Lyn Tomkowicz,Tomkowicz,El Carmen,10/02/1985
US00876,876,Giorgio Stoneham,Stoneham,Fort Worth,14/03/1997
US00877,877,Windham Thurston,Thurston,Tumba,08/11/2002
US00878,878,Whittaker Worsom,Worsom,Błędów,01/06/1997
US00879,879,Joli Swaine,Swaine,Nangong,24/05/1993
US00880,880,Kellen Learie,Learie,Tafraout,14/09/1995
US00881,881,Misty Arckoll,Arckoll,Obo,24/01/1956
US00882,882,Orrin Minchell,Minchell,Nóvita,06/08/2013
US00883,883,Adelice Symcox,Symcox,Ocoruro,09/08/1952
US00884,884,Gothart Smoth,Smoth,Longxi,08/06/1991
US00885,885,Kass Nacci,Nacci,Nickby,02/06/2005
US00886,886,George Billham,Billham,Khanu Woralaksaburi,17/02/1954
US00887,887,Shanan Wickins,Wickins,Kasembon,21/12/1986
US00888,888,Reggy Izkovicz,Izkovicz,Beni,21/05/2007
US00889,889,Meridel Bocken,Bocken,Santa Barbara,26/04/1984
US00890,890,Vi Siberry,Siberry,Skhodnya,01/05/2018
US00891,891,Haley Westcar,Westcar,Gaillac,10/07/1952
US00892,892,Pip Schroter,Schroter,Aguilares,30/01/1976
US00893,893,Pierre Keppe,Keppe,Volksrust,19/01/2002
US00894,894,Ashlen Taile,Taile,Komatsushimachō,05/02/1956
US00895,895,Carmen Antonowicz,Antonowicz,Vân Tùng,14/09/1993
US00896,896,Seline Le Fevre,Le Fevre,Novaya Usman’,02/08/2011
US00897,897,Urbano Hawke,Hawke,Macia,31/05/1999
US00898,898,Jacintha Dwine,Dwine,Jardim,15/05/1999
US00899,899,Ingrim Kennet,Kennet,Taltal,05/12/1977
US00900,900,Montague Battlestone,Battlestone,Carolina,14/10/1977
US00901,901,Iggy Hillett,Hillett,Fangtang,05/04/1962
US00902,902,Berny Luckham,Luckham,Nunchía,12/11/1971
US00903,903,Bradan McLarty,McLarty,Tsybulevka,12/03/1986
US00904,904,Celina Oluwatoyin,Oluwatoyin,Magisterial,05/11/1968
US00905,905,Devlin Dahlberg,Dahlberg,San Francisco,25/04/2020
US00906,906,Ashlee Coan,Coan,Łękawica,14/10/2016
US00907,907,Joellen Rentalll,Rentalll,Carreira,31/07/1966
US00908,908,Gray Tocque,Tocque,Hoima,21/11/2005
US00909,909,Raychel Stranger,Stranger,La Rochelle,27/10/1956
US00910,910,Alis Chard,Chard,Sanzhou,16/11/1990
US00911,911,Jeffie Phillp,Phillp,Guápiles,28/05/1986
US00912,912,Sutton Ringer,Ringer,Neundeut,18/02/1985
US00913,913,Carina Summons,Summons,Pukkila,07/06/1995
US00914,914,Hortensia Hammerman,Hammerman,Xinhua,14/10/2008
US00915,915,Audrie Ormistone,Ormistone,Buga,02/06/2004
US00916,916,Marya Wevell,Wevell,Xiaoqi,10/07/2011
US00917,917,Anabella Cotterill,Cotterill,Mokolo,03/09/1965
US00918,918,Jana Hadny,Hadny,Leskovac,24/10/2002
US00919,919,Gavra Schwander,Schwander,Dongzhang,04/02/1959
US00920,920,Constancy Collidge,Collidge,Rodnikovskaya,24/10/1962
US00921,921,Lesly Hawkeridge,Hawkeridge,Lac-Mégantic,09/04/1958
US00922,922,Dru Bloxholm,Bloxholm,Donghuang,21/05/1974
US00923,923,Alvira Iapico,Iapico,Berëzovskiy,09/12/1952
US00924,924,Alma Calver,Calver,Chumphon,22/09/1996
US00925,925,Dante Sodo,Sodo,San Lorenzo,16/09/1971
US00926,926,Wit Wase,Wase,Wassu,24/08/1974
US00927,927,Billie Yendle,Yendle,Bous,20/04/1965
US00928,928,Etta Talmadge,Talmadge,Jagong,24/07/2015
US00929,929,Kellyann Tann,Tann,Amnat Charoen,13/04/1973
US00930,930,Kele Santus,Santus,Ōyama,21/03/1958
US00931,931,Sunny Linebarger,Linebarger,Stockholm,05/01/2003
US00932,932,Anabelle Plaister,Plaister,San Lorenzo,27/11/2009
US00933,933,Nikolaus Tomasino,Tomasino,Mingjing,04/12/2013
US00934,934,Ailey Musterd,Musterd,Bojonggaling,24/10/1970
US00935,935,Moise Scholes,Scholes,Bulls,11/09/2017
US00936,936,Angel Marquand,Marquand,Luntas,06/02/1976
US00937,937,Elspeth Mouat,Mouat,Plymouth,09/09/1984
US00938,938,Jerrilee Staite,Staite,Edinburgh of the Seven Seas,02/12/2016
US00939,939,Cord Earley,Earley,Cotuí,08/06/1980
US00940,940,Corina McGuinness,McGuinness,Rimpeso,23/01/2010
US00941,941,Erna Sedgmond,Sedgmond,Puyang,31/07/1975
US00942,942,Aigneis Bickerstaff,Bickerstaff,Tagdanua,14/08/1959
US00943,943,Tadio Boerder,Boerder,Kijang,27/06/1988
US00944,944,Madonna Garrat,Garrat,Kan’onjichō,30/06/1981
US00945,945,Sheffield Darleston,Darleston,Dananshan,06/08/1964
US00946,946,Lianna Clementet,Clementet,Fernando de Noronha (Distrito Estadual),26/04/1981
US00947,947,Dyann Andrewartha,Andrewartha,Cibeureum,13/12/1979
US00948,948,Brinn Sandercock,Sandercock,Zhongba,14/12/1957
US00949,949,Richmound Winspire,Winspire,Gentilly,30/09/1962
US00950,950,Shaylynn Aves,Aves,Marseille,15/09/1954
US00951,951,Powell Matresse,Matresse,Yiqian,21/03/1998
US00952,952,Rudyard Patnelli,Patnelli,Huanggong,08/10/1956
US00953,953,Carce Mack,Mack,Aioi,03/06/1987
US00954,954,Donal Beagan,Beagan,Anding,24/01/1969
US00955,955,Brande Antal,Antal,Miami,11/01/1998
US00956,956,Goldarina Juza,Juza,Pawili,07/05/1993
US00957,957,Bridgette Eyree,Eyree,Caijiang,17/11/1976
US00958,958,Kelwin Kalinovich,Kalinovich,Hanjia,27/08/1988
US00959,959,Eliza Capron,Capron,Fovissste,20/04/2010
US00960,960,Iris Catterell,Catterell,Pirallahı,14/12/1975
US00961,961,Luciano Lorinez,Lorinez,Gijon,07/10/1987
US00962,962,Tallia Gounin,Gounin,Vällingby,24/09/2003
US00963,963,Frazier MacGille,MacGille,Bender,23/06/2011
US00964,964,Fergus Behne,Behne,San Teodoro,19/04/1990
US00965,965,Philly Cowherd,Cowherd,Rengang,01/04/1975
US00966,966,Carie Habron,Habron,Guozhai,24/07/1953
US00967,967,Pen Oluwatoyin,Oluwatoyin,Minato,19/10/2002
US00968,968,Ulrika Hartwright,Hartwright,Santo Isidro,31/05/1980
US00969,969,Otha Andover,Andover,Żelazków,29/12/2017
US00970,970,Greta Phipps,Phipps,Pingyang,18/02/1987
US00971,971,Conchita Hollyar,Hollyar,Tsyurupyns’k,13/04/1981
US00972,972,Isa Rollings,Rollings,Tongbang,04/05/1956
US00973,973,Pernell Oby,Oby,Wanliang,25/07/1951
US00974,974,Norbie Ovenden,Ovenden,Sơn Hà,31/03/1963
US00975,975,Alvira Whisson,Whisson,Hostavice,02/02/1978
US00976,976,Darrin Threader,Threader,Retreat,17/12/2003
US00977,977,Petronia Rogers,Rogers,Nanyuki,17/05/1991
US00978,978,Lindsey Coghlin,Coghlin,Yingtou,30/01/1994
US00979,979,Rowen Josephsen,Josephsen,Tungi,10/07/1992
US00980,980,Giulietta Colisbe,Colisbe,Masaran,09/09/1967
US00981,981,Pammi Okenfold,Okenfold,Oumiao,11/02/1972
US00982,982,Courtenay Crewdson,Crewdson,Bente,01/06/1982
US00983,983,Blythe Cadagan,Cadagan,Strängnäs,31/08/1981
US00984,984,Merry Cloney,Cloney,Sindangsari,06/06/1957
US00985,985,Emerson Pine,Pine,Anibare,10/04/2003
US00986,986,Dolph Reisenberg,Reisenberg,Mórrope,26/07/1980
US00987,987,Honey Rockhill,Rockhill,Postupice,07/05/1952
US00988,988,Hester Jereatt,Jereatt,Queluz,13/08/2009
US00989,989,Nikos Lukes,Lukes,Heitan,17/05/1982
US00990,990,Chrissy Comini,Comini,Paola,21/05/2000
US00991,991,Alicia Corwin,Corwin,Gubat,07/04/2020
US00992,992,Haze Harrop,Harrop,Loma Bonita,12/04/1986
US00993,993,Minta Ackland,Ackland,Jianqiao,25/02/1996
US00994,994,Eleanore Ransom,Ransom,Taishang,18/11/1967
US00995,995,Pierce Fawdrey,Fawdrey,Huazhou,13/08/1952
US00996,996,Carmelina Ilive,Ilive,Quebrada de Arena,24/01/2003
US00997,997,Nickola Bletsoe,Bletsoe,Bulu,09/01/1973
US00998,998,Carr Matussevich,Matussevich,Kukur,14/05/2018
US00999,999,Shelby Carlos,Carlos,Piuí,14/11/1990
US01000,1000,Lindsay Vennings,Vennings,Söderköping,30/01/1968
